module:input:0:probDimension	module:pub_input::blockSize	module:pub_input::mem_max	module:pub_input::nnz	module:pub_input::t_max	module:measure:time:time	module:measure:timestamp:End	module:measure:timestamp:Start	module:output:0:rssUsage	module:output:0:vmUsage
524288	1	10000	1000	5	45.949973	1425332953.267379	1425332907.31739	3064	748
524288	1	10000	1000	5	46.022658	1425335742.544883	1425335696.522209	3064	748
131072	1	10000	100	5	3.9541	1425335517.563956	1425335513.60984	3104	744
131072	1	50000	500	5	20.138006	1425336279.059108	1425336258.921085	3064	748
131072	1	50000	500	5	21.946466	1425339076.938312	1425339054.99183	3064	748
524288	1	5000	500	5	21.954013	1425332141.67494	1425332119.72091	3060	744
524288	1	5000	500	5	20.16453	1425334937.547479	1425334917.382933	3060	744
524288	1	5000	500	5	20.104272	1425337726.354556	1425337706.250269	3060	744
131072	1	10000	50	5	1.98616	1425332676.627244	1425332674.641067	972	232
131072	1	10000	50	5	1.791479	1425335466.62375	1425335464.832249	740	0
131072	1	10000	50	5	1.794944	1425338262.529589	1425338260.734628	2364	0
1048576	1	1000	50	5	1.785464	1425331604.013303	1425331602.227822	2360	0
1048576	1	1000	50	5	1.781866	1425334401.181092	1425334399.399209	2364	0
131072	1	10000	100	5	3.947656	1425338313.720473	1425338309.772801	3104	744
1048576	1	1000	50	5	1.79729	1425337190.457497	1425337188.660092	-3100	0
131072	1	100	50	5	1.783318	1425331223.949518	1425331222.166183	2360	0
131072	1	100	50	5	1.98784	1425334021.501026	1425334019.513075	-2868	232
131072	1	100	50	5	1.792447	1425336811.132035	1425336809.339473	-3100	0
131072	1	50000	50	5	1.981979	1425333352.11344	1425333350.131444	2620	232
131072	1	50000	50	5	1.804748	1425336140.316624	1425336138.511766	-3100	0
131072	1	50000	50	5	1.977124	1425338935.20802	1425338933.23088	972	232
8388608	1	5000	50	5	1.787217	1425332000.389207	1425331998.601974	2368	0
8388608	1	5000	50	5	1.785343	1425334798.553435	1425334796.768076	740	0
8388608	1	5000	50	5	1.782937	1425337587.103866	1425337585.320913	2364	0
524288	1	1000	100	5	3.987651	1425331654.829479	1425331650.841811	3108	744
524288	1	500	50	5	1.78574	1425331343.548843	1425331341.763087	2360	0
524288	1	500	50	5	1.782174	1425334141.614318	1425334139.832128	2364	0
524288	1	500	50	5	1.796108	1425336930.641949	1425336928.84573	-3100	0
8388608	1	10000	60	5	2.13685	1425332684.485131	1425332682.348266	2360	0
8388608	1	10000	60	5	2.136805	1425335474.45533	1425335472.318508	2360	0
8388608	1	10000	60	5	2.37097	1425338270.571082	1425338268.199999	-2872	232
1048576	1	1000	60	5	2.137241	1425331611.822921	1425331609.685664	2364	0
1048576	1	1000	60	5	2.137591	1425334409.032772	1425334406.895164	2348	0
1048576	1	1000	60	5	2.136704	1425337198.277604	1425337196.140884	2364	0
131072	1	100	60	5	2.365516	1425331231.987148	1425331229.62152	-2868	232
524288	1	1000	100	5	3.615378	1425334451.915858	1425334448.300464	3104	744
131072	1	100	60	5	2.353696	1425334029.531856	1425334027.178143	972	232
131072	1	100	60	5	2.122973	1425336818.926233	1425336816.803243	740	0
131072	1	50000	60	5	2.141674	1425333359.922184	1425333357.780397	-3136	0
131072	1	50000	60	5	2.35942	1425336148.371333	1425336146.011897	2596	232
131072	1	50000	60	5	2.355678	1425338943.258852	1425338940.903156	2596	232
4194304	1	5000	60	5	2.133661	1425332008.198695	1425332006.065018	740	0
4194304	1	5000	60	5	2.133887	1425334806.366425	1425334804.232523	740	0
4194304	1	5000	60	5	2.133352	1425337594.941931	1425337592.808563	2360	0
524288	1	500	60	5	2.133179	1425331351.375845	1425331349.24265	2364	0
524288	1	500	60	5	2.379469	1425334149.665948	1425334147.286368	-2868	232
524288	1	1000	100	5	3.992376	1425337241.693549	1425337237.70106	-2356	744
524288	1	500	60	5	2.359815	1425336938.687827	1425336936.327995	2596	232
131072	1	10000	70	5	2.748052	1425332693.650725	1425332690.902658	3104	744
131072	1	10000	70	5	2.743037	1425335483.609712	1425335480.86666	3108	744
131072	1	10000	70	5	2.752777	1425338279.757717	1425338277.004925	3104	744
1048576	1	1000	70	5	2.521531	1425331620.78915	1425331618.267603	3132	744
1048576	1	1000	70	5	2.785403	1425334418.239007	1425334415.453587	3108	744
1048576	1	1000	70	5	2.528128	1425337207.239699	1425337204.711555	3132	744
131072	1	50000	70	5	2.480383	1425333368.849911	1425333366.36951	3104	744
131072	1	50000	70	5	2.480528	1425336157.283602	1425336154.803057	3112	744
131072	1	50000	70	5	2.754908	1425338952.414725	1425338949.659706	-2356	744
131072	1	50000	100	5	3.568892	1425333403.072852	1425333399.503943	3092	744
4194304	1	5000	70	5	2.785601	1425332017.414251	1425332014.628634	3108	744
4194304	1	5000	70	5	2.518921	1425334815.334334	1425334812.815397	3092	744
4194304	1	5000	70	5	2.780292	1425337604.155963	1425337601.375655	3108	744
524288	1	500	70	5	2.787385	1425331360.598223	1425331357.810822	3132	744
524288	1	500	70	5	2.520184	1425334158.616041	1425334156.09584	3104	744
524288	1	500	70	5	2.783912	1425336947.898329	1425336945.114398	3112	744
131072	1	10000	80	5	2.855638	1425332703.726217	1425332700.870563	3108	744
131072	1	10000	80	5	2.853999	1425335493.666638	1425335490.812622	3108	744
131072	1	10000	80	5	2.85131	1425338289.839615	1425338286.988288	3108	744
1048576	1	1000	80	5	2.894112	1425331630.895079	1425331628.000949	632	744
131072	1	50000	100	5	3.943785	1425336191.179975	1425336187.236173	3108	744
1048576	1	1000	80	5	2.894318	1425334428.346466	1425334425.452132	3108	744
1048576	1	1000	80	5	2.898277	1425337217.367678	1425337214.469383	3092	744
131072	1	50000	80	5	3.155025	1425333379.213798	1425333376.058756	3108	744
131072	1	50000	80	5	2.852746	1425336167.346734	1425336164.493972	3092	744
131072	1	50000	80	5	3.162772	1425338962.788655	1425338959.625865	3092	744
4194304	1	5000	80	5	2.892838	1425332027.547458	1425332024.654605	3092	744
4194304	1	5000	80	5	2.889228	1425334825.45695	1425334822.567706	3104	744
4194304	1	5000	80	5	2.893961	1425337614.258553	1425337611.364575	3108	744
524288	1	500	80	5	2.889444	1425331370.718623	1425331367.829163	3092	744
524288	1	500	80	5	2.894787	1425334168.725996	1425334165.831193	3108	744
131072	1	50000	100	5	3.576347	1425338986.596932	1425338983.020569	3108	744
524288	1	500	80	5	3.191877	1425336958.28256	1425336955.090667	3132	744
131072	1	10000	90	5	3.210396	1425332714.894549	1425332711.684137	3104	744
131072	1	10000	90	5	3.210745	1425335504.855496	1425335501.644736	3108	744
131072	1	10000	90	5	3.206017	1425338301.034093	1425338297.828061	3108	744
524288	1	1000	90	5	3.254568	1425331642.113713	1425331638.859128	3112	744
524288	1	1000	90	5	3.244659	1425334439.547508	1425334436.302833	3108	744
524288	1	1000	90	5	3.580264	1425337228.955938	1425337225.375657	3092	744
131072	1	50000	90	5	3.56626	1425333390.749901	1425333387.183531	-2356	744
131072	1	50000	90	5	3.207026	1425336178.501147	1425336175.294105	3092	744
131072	1	50000	90	5	3.551358	1425338974.298176	1425338970.746801	3112	744
4194304	1	5000	100	5	3.610374	1425332051.099176	1425332047.488787	3104	744
4194304	1	5000	90	5	3.250771	1425332038.764919	1425332035.514132	3092	744
4194304	1	5000	90	5	3.248672	1425334836.704553	1425334833.455864	3104	744
4194304	1	5000	90	5	3.249779	1425337625.54659	1425337622.296794	3108	744
262144	1	500	90	5	3.589334	1425331382.294275	1425331378.704925	1660	744
262144	1	500	90	5	3.583447	1425334180.26854	1425334176.685077	3108	744
262144	1	500	90	5	3.591279	1425336969.836667	1425336966.245372	3108	744
524288	2	10000	1000	5	16.522333	1425333082.768271	1425333066.245921	2816	488
524288	2	10000	1000	5	16.516583	1425335871.581829	1425335855.06523	2804	488
524288	2	10000	1000	5	18.763749	1425338668.1299	1425338649.366134	2804	488
131072	2	50000	1000	5	16.504323	1425333752.979371	1425333736.475033	2820	492
4194304	1	5000	100	5	3.602762	1425334849.027001	1425334845.424223	3092	744
131072	2	50000	1000	5	18.781181	1425336542.062366	1425336523.281168	2808	492
131072	2	50000	1000	5	16.526732	1425339339.328212	1425339322.801465	2808	492
262144	2	5000	1000	5	16.516859	1425332406.841683	1425332390.324808	2804	488
262144	2	5000	1000	5	16.537206	1425335197.84953	1425335181.312307	2804	488
262144	2	5000	1000	5	18.790807	1425337994.72436	1425337975.933537	2804	488
8388608	2	10000	100	5	1.528477	1425332991.149491	1425332989.620997	2364	0
8388608	2	10000	100	5	1.539031	1425335779.814253	1425335778.275114	-3104	0
8388608	2	10000	100	5	1.540346	1425338575.352724	1425338573.81226	-3104	0
524288	2	1000	100	5	1.540133	1425331783.959078	1425331782.418836	-3100	0
524288	2	1000	100	5	1.764223	1425334581.086701	1425334579.322462	2600	232
524288	1	10000	1000	5	46.084349	1425338537.815725	1425338491.73136	3064	748
4194304	1	5000	100	5	3.603235	1425337637.886499	1425337634.283247	3104	744
524288	2	1000	100	5	1.542509	1425337370.34619	1425337368.803566	-3104	0
131072	2	50000	100	5	1.537334	1425333662.590985	1425333661.053635	2364	0
131072	2	50000	100	5	1.549568	1425336449.271841	1425336447.722153	-3136	0
131072	2	50000	100	5	1.536471	1425339247.156267	1425339245.619779	2368	0
4194304	2	5000	100	5	1.527946	1425332315.822626	1425332314.294663	2364	0
4194304	2	5000	100	5	1.52725	1425335107.347331	1425335105.820065	2360	0
4194304	2	5000	100	5	1.777463	1425337900.718666	1425337898.941091	-2872	232
262144	2	500	100	5	1.528732	1425331459.463999	1425331457.935251	2388	0
262144	2	500	100	5	1.765598	1425334257.348778	1425334255.583164	2592	232
262144	2	500	100	5	1.766614	1425337046.552868	1425337044.786239	2620	232
262144	1	500	100	5	3.610155	1425331394.640081	1425331391.02991	3112	744
4194304	2	10000	200	5	3.074747	1425333002.039906	1425332998.965143	2388	0
4194304	2	10000	200	5	3.07602	1425335790.732882	1425335787.656845	2360	0
4194304	2	10000	200	5	3.073277	1425338586.243136	1425338583.169842	2360	0
262144	2	1000	200	5	3.074687	1425331794.855286	1425331791.780582	2360	0
262144	2	1000	200	5	3.075664	1425334591.999023	1425334588.923344	2360	0
262144	2	1000	200	5	3.076214	1425337381.243468	1425337378.167237	2360	0
131072	2	50000	200	5	3.053572	1425333673.474637	1425333670.421046	2368	0
131072	2	50000	200	5	3.055076	1425336460.165422	1425336457.110329	2364	0
131072	2	50000	200	5	3.526894	1425339258.507436	1425339254.980524	2592	232
2097152	2	5000	200	5	3.548654	1425332327.23638	1425332323.68771	2580	232
262144	1	500	100	5	3.98475	1425334192.976699	1425334188.991933	3092	744
2097152	2	5000	200	5	3.070226	1425335118.232112	1425335115.161871	2360	0
2097152	2	5000	200	5	3.075991	1425337911.633436	1425337908.557429	2348	0
131072	2	500	200	5	3.54743	1425331470.836888	1425331467.289443	2592	232
131072	2	500	200	5	3.073587	1425334268.253175	1425334265.179571	2360	0
131072	2	500	200	5	3.079634	1425337057.489828	1425337054.410178	2360	0
33554432	2	10000	20	5	0.379775	1425332955.591707	1425332955.211915	972	232
33554432	2	10000	20	5	0.330429	1425335744.864205	1425335744.533759	740	0
33554432	2	10000	20	5	0.330727	1425338540.083712	1425338539.752969	740	0
2097152	2	1000	20	5	0.379223	1425331748.653022	1425331748.273783	972	232
2097152	2	1000	20	5	0.379114	1425334545.633638	1425334545.254508	972	232
262144	1	500	100	5	3.988006	1425336982.546724	1425336978.558701	3104	744
2097152	2	1000	20	5	0.379612	1425337334.862021	1425337334.482393	972	232
262144	2	100	20	5	0.379725	1425331241.891195	1425331241.511454	972	232
262144	2	100	20	5	0.376493	1425334039.551919	1425334039.17541	972	232
262144	2	100	20	5	0.328771	1425336828.890815	1425336828.562028	740	0
131072	2	50000	20	5	0.330659	1425333627.603897	1425333627.273221	740	0
131072	2	50000	20	5	0.376079	1425336414.234408	1425336413.858313	972	232
131072	2	50000	20	5	0.330892	1425339212.131957	1425339211.801048	740	0
16777216	2	5000	20	5	0.375385	1425332280.525888	1425332280.150487	972	232
16777216	2	5000	20	5	0.330807	1425335072.55804	1425335072.227216	740	0
16777216	2	5000	20	5	0.330475	1425337865.012753	1425337864.682256	740	0
131072	1	10000	200	5	7.395918	1425332751.523268	1425332744.127334	3092	744
1048576	2	500	20	5	0.376028	1425331424.094492	1425331423.718448	972	232
1048576	2	500	20	5	0.330554	1425334221.71253	1425334221.381959	740	0
1048576	2	500	20	5	0.37965	1425337011.368154	1425337010.988488	972	232
16777216	2	10000	30	5	0.549974	1425332958.335385	1425332957.785394	968	228
16777216	2	10000	30	5	0.475394	1425335747.531038	1425335747.055627	740	0
16777216	2	10000	30	5	0.549326	1425338542.845207	1425338542.295865	968	228
2097152	2	1000	30	5	0.544233	1425331751.408455	1425331750.864206	968	228
2097152	2	1000	30	5	0.475875	1425334548.360097	1425334547.884206	740	0
2097152	2	1000	30	5	0.549265	1425337337.62756	1425337337.078279	968	228
262144	2	100	30	5	0.549315	1425331244.633693	1425331244.084362	972	232
131072	1	10000	200	5	8.134423	1425335542.600913	1425335534.466473	1612	744
262144	2	100	30	5	0.475438	1425334042.215255	1425334041.739801	740	0
262144	2	100	30	5	0.546576	1425336831.649142	1425336831.102549	972	232
131072	2	50000	30	5	0.550088	1425333630.377558	1425333629.827453	972	232
131072	2	50000	30	5	0.476604	1425336416.923746	1425336416.44712	740	0
131072	2	50000	30	5	0.550482	1425339214.888521	1425339214.338022	972	232
8388608	2	5000	30	5	0.5477959999999999	1425332283.24717	1425332282.699357	968	228
8388608	2	5000	30	5	0.472079	1425335075.214609	1425335074.742514	740	0
8388608	2	5000	30	5	0.475788	1425337867.713214	1425337867.23741	740	0
1048576	2	500	30	5	0.475715	1425331426.768059	1425331426.292328	740	0
1048576	2	500	30	5	0.475793	1425334224.397948	1425334223.922139	740	0
131072	1	10000	200	5	7.404781	1425338338.004628	1425338330.59983	3092	744
1048576	2	500	30	5	0.476026	1425337014.044921	1425337013.568878	740	0
16777216	2	10000	40	5	0.634199	1425332961.505141	1425332960.870925	740	0
16777216	2	10000	40	5	0.638747	1425335750.724859	1425335750.086095	2368	0
16777216	2	10000	40	5	0.730799	1425338546.117897	1425338545.387081	968	228
2097152	2	1000	40	5	0.633603	1425331754.566863	1425331753.933245	740	0
2097152	2	1000	40	5	0.73075	1425334551.616965	1425334550.886198	968	228
2097152	2	1000	40	5	0.731191	1425337340.914281	1425337340.183074	968	228
131072	2	100	40	5	0.730706	1425331247.891652	1425331247.160929	968	228
131072	2	100	40	5	0.633618	1425334045.377793	1425334044.744158	740	0
131072	2	100	40	5	0.633661	1425336834.80315	1425336834.169472	2388	0
262144	1	1000	200	5	8.154601	1425331679.867302	1425331671.712685	3092	744
131072	2	50000	40	5	0.633667	1425333633.541099	1425333632.907415	740	0
131072	2	50000	40	5	0.649354	1425336420.109912	1425336419.460445	-3100	0
131072	2	50000	40	5	0.639882	1425339218.055812	1425339217.415913	740	0
8388608	2	5000	40	5	0.638931	1425332286.397139	1425332285.75819	740	0
8388608	2	5000	40	5	0.731382	1425335078.458484	1425335077.727085	968	228
8388608	2	5000	40	5	0.637976	1425337870.896324	1425337870.258332	740	0
1048576	2	500	40	5	0.749057	1425331430.034937	1425331429.285772	-2876	228
1048576	2	500	40	5	0.7326279999999999	1425334227.645465	1425334226.91282	968	228
1048576	2	500	40	5	0.633837	1425337017.20476	1425337016.570903	740	0
1048576	2	10000	500	5	9.097417999999999	1425333029.510293	1425333020.412859	2848	488
262144	1	1000	200	5	8.138878999999999	1425334476.885226	1425334468.746331	3104	744
1048576	2	10000	500	5	9.097495	1425335818.224598	1425335809.127086	2836	488
1048576	2	10000	500	5	7.942207	1425338612.574455	1425338604.632232	2836	488
131072	2	1000	500	5	9.106555999999999	1425331822.344636	1425331813.238064	2836	488
131072	2	1000	500	5	9.113797999999999	1425334619.546916	1425334610.433101	2836	488
131072	2	1000	500	5	9.111017	1425337408.763743	1425337399.652709	2836	488
131072	2	50000	500	5	7.930557	1425333699.78685	1425333691.856277	2848	488
131072	2	50000	500	5	7.931572	1425336486.483227	1425336478.55164	2836	488
131072	2	50000	500	5	9.09051	1425339286.012246	1425339276.92172	2848	488
524288	2	5000	500	5	7.948999	1425332353.586947	1425332345.637932	2836	488
524288	2	5000	500	5	7.945911	1425335144.558593	1425335136.612665	2848	488
262144	1	1000	200	5	7.419447	1425337265.984457	1425337258.564993	3104	744
524288	2	5000	500	5	9.111799	1425337939.170115	1425337930.0583	2836	488
16777216	2	10000	50	5	0.775026	1425332965.124362	1425332964.349319	740	0
16777216	2	10000	50	5	0.774429	1425335754.295367	1425335753.520921	740	0
16777216	2	10000	50	5	0.909032	1425338549.885385	1425338548.976239	-2908	228
1048576	2	1000	50	5	0.907465	1425331758.316338	1425331757.408764	-2872	228
1048576	2	1000	50	5	0.774363	1425334555.216568	1425334554.442188	740	0
1048576	2	1000	50	5	0.896002	1425337344.663189	1425337343.767171	968	228
131072	2	100	50	5	0.778258	1425331251.492074	1425331250.713799	740	0
131072	2	100	50	5	0.794067	1425334049.001502	1425334048.207322	-3100	0
131072	2	100	50	5	0.778389	1425336838.393522	1425336837.615117	740	0
131072	1	50000	1000	5	42.519041	1425333625.354559	1425333582.835502	3068	752
131072	1	50000	200	5	7.384048	1425333427.319863	1425333419.935799	3104	744
131072	2	50000	50	5	0.772818	1425333637.148698	1425333636.375863	740	0
131072	2	50000	50	5	0.7725610000000001	1425336423.713546	1425336422.940968	740	0
131072	2	50000	50	5	0.772968	1425339221.659778	1425339220.886793	740	0
8388608	2	5000	50	5	0.785845	1425332290.040635	1425332289.25468	-3104	0
8388608	2	5000	50	5	0.775008	1425335082.059727	1425335081.284703	740	0
8388608	2	5000	50	5	0.895554	1425337874.628049	1425337873.732478	968	228
524288	2	500	50	5	0.895772	1425331433.769379	1425331432.873592	968	228
524288	2	500	50	5	0.774796	1425334231.273217	1425334230.498405	740	0
524288	2	500	50	5	0.774853	1425337020.818851	1425337020.043981	2368	0
8388608	2	10000	60	5	1.072255	1425332969.355414	1425332968.283143	972	232
131072	1	50000	200	5	7.387087	1425336215.423266	1425336208.036162	3104	744
8388608	2	10000	60	5	0.9272550000000001	1425335758.383569	1425335757.456298	740	0
8388608	2	10000	60	5	0.929017	1425338553.991734	1425338553.062701	2360	0
1048576	2	1000	60	5	0.926478	1425331762.403224	1425331761.476729	740	0
1048576	2	1000	60	5	0.927212	1425334559.321191	1425334558.393962	740	0
1048576	2	1000	60	5	1.072103	1425337348.925767	1425337347.853647	972	232
131072	2	100	60	5	0.925498	1425331255.580203	1425331254.654689	740	0
131072	2	100	60	5	1.074103	1425334053.229277	1425334052.155157	972	232
131072	2	100	60	5	0.926581	1425336842.48036	1425336841.553763	740	0
131072	2	50000	60	5	1.078399	1425333641.404427	1425333640.326011	2600	232
131072	2	50000	60	5	0.932267	1425336427.839895	1425336426.907612	740	0
131072	1	50000	200	5	8.137029999999999	1425339011.612262	1425339003.475214	3092	744
131072	2	50000	60	5	1.077625	1425339225.920131	1425339224.842489	972	232
4194304	2	5000	60	5	0.927246	1425332294.112617	1425332293.185355	740	0
4194304	2	5000	60	5	0.927361	1425335086.151583	1425335085.224205	740	0
4194304	2	5000	60	5	1.074905	1425337878.897503	1425337877.822581	972	232
524288	2	500	60	5	0.926835	1425331437.875816	1425331436.948965	740	0
524288	2	500	60	5	1.07218	1425334235.536028	1425334234.463831	972	232
524288	2	500	60	5	0.927241	1425337024.926512	1425337023.999255	740	0
8388608	2	10000	70	5	1.254131	1425332974.131366	1425332972.877218	972	232
8388608	2	10000	70	5	1.081932	1425335762.986851	1425335761.904903	740	0
8388608	2	10000	70	5	1.082365	1425338558.578749	1425338557.496364	740	0
2097152	1	5000	200	5	8.164398	1425332076.145883	1425332067.981468	3104	744
1048576	2	1000	70	5	1.082485	1425331766.975103	1425331765.892601	740	0
1048576	2	1000	70	5	1.252811	1425334564.062219	1425334562.809392	972	232
1048576	2	1000	70	5	1.083649	1425337353.532976	1425337352.44931	740	0
131072	2	50000	70	5	1.089519	1425333645.966921	1425333644.877386	740	0
131072	2	50000	70	5	1.089863	1425336432.447913	1425336431.358034	740	0
131072	2	50000	70	5	1.101914	1425339230.541499	1425339229.439475	-3100	0
4194304	2	5000	70	5	1.253466	1425332298.856362	1425332297.60288	972	232
4194304	2	5000	70	5	1.096592	1425335090.754002	1425335089.657299	-3100	0
4194304	2	5000	70	5	1.253054	1425337883.658072	1425337882.405001	972	232
524288	2	500	70	5	1.253007	1425331442.643227	1425331441.390203	972	232
2097152	1	5000	200	5	8.13552	1425334873.976828	1425334865.841291	3108	744
524288	2	500	70	5	1.270738	1425334240.330514	1425334239.059658	-2872	232
524288	2	500	70	5	1.082408	1425337029.495865	1425337028.413441	740	0
8388608	2	10000	80	5	1.418072	1425332979.396334	1425332977.978245	972	232
8388608	2	10000	80	5	1.22518	1425335768.042105	1425335766.816909	740	0
8388608	2	10000	80	5	1.418067	1425338563.797699	1425338562.379616	972	232
1048576	2	1000	80	5	1.420731	1425331772.227303	1425331770.806556	2596	232
1048576	2	1000	80	5	1.418782	1425334569.298966	1425334567.880167	972	232
1048576	2	1000	80	5	1.419399	1425337358.795426	1425337357.376011	972	232
131072	2	50000	80	5	1.230604	1425333651.031965	1425333649.801343	2388	0
131072	2	50000	80	5	1.423386	1425336437.698616	1425336436.275213	972	232
2097152	1	5000	200	5	8.133958	1425337662.857122	1425337654.723148	3104	744
131072	2	50000	80	5	1.231725	1425339235.590667	1425339234.358923	740	0
4194304	2	5000	80	5	1.416021	1425332304.092707	1425332302.676669	972	232
4194304	2	5000	80	5	1.225565	1425335095.809253	1425335094.583673	740	0
4194304	2	5000	80	5	1.417951	1425337888.913339	1425337887.495372	972	232
524288	2	500	80	5	1.418503	1425331447.905296	1425331446.486778	972	232
524288	2	500	80	5	1.22437	1425334245.35367	1425334244.129283	740	0
524288	2	500	80	5	1.227177	1425337034.566258	1425337033.339064	2364	0
8388608	2	10000	90	5	1.587581	1425332985.144284	1425332983.556688	972	232
8388608	2	10000	90	5	1.588359	1425335773.784467	1425335772.196092	972	232
8388608	2	10000	90	5	1.372202	1425338569.306153	1425338567.933936	740	0
131072	1	500	200	5	8.140753999999999	1425331419.618675	1425331411.477904	3092	744
524288	2	1000	90	5	1.594767	1425331777.950378	1425331776.355503	-2904	232
524288	2	1000	90	5	1.38071	1425334574.853009	1425334573.472191	-3100	0
524288	2	1000	90	5	1.3717	1425337364.315421	1425337362.943705	740	0
131072	2	50000	90	5	1.378999	1425333656.556853	1425333655.177837	740	0
131072	2	50000	90	5	1.379421	1425336443.2368	1425336441.857362	740	0
131072	2	50000	90	5	1.38149	1425339241.142039	1425339239.760532	2388	0
4194304	2	5000	90	5	1.596953	1425332309.823081	1425332308.22602	-2904	232
4194304	2	5000	90	5	1.371361	1425335101.337941	1425335099.966564	2388	0
4194304	2	5000	90	5	1.371879	1425337894.423814	1425337893.051919	740	0
262144	2	500	90	5	1.385512	1425331453.430575	1425331452.044953	-3104	0
131072	1	500	200	5	7.407044	1425334217.298934	1425334209.891873	3104	744
262144	2	500	90	5	1.583691	1425334251.084262	1425334249.500554	2596	232
262144	2	500	90	5	1.602814	1425337040.312288	1425337038.709358	-2872	232
524288	4	10000	1000	5	9.960264	1425333168.563545	1425333158.603264	2348	0
524288	4	10000	1000	5	9.975714	1425335957.565094	1425335947.589365	2360	0
524288	4	10000	1000	5	9.975892	1425338753.856991	1425338743.881083	2360	0
131072	4	50000	1000	5	9.964912	1425333838.969789	1425333829.00486	2348	0
131072	4	50000	1000	5	9.952493	1425336628.839519	1425336618.88701	2360	0
131072	4	50000	1000	5	9.962571000000001	1425339426.1104	1425339416.147813	2360	0
262144	4	5000	1000	5	9.961239000000001	1425332493.948332	1425332483.987078	868	0
262144	4	5000	1000	5	9.956666	1425335284.825708	1425335274.869025	2360	0
131072	1	500	200	5	7.420167	1425337006.896967	1425336999.476784	3104	744
262144	4	5000	1000	5	9.966336999999999	1425338081.284954	1425338071.3186	2360	0
8388608	4	10000	100	5	0.993067	1425333110.787377	1425333109.794294	7864	5604
8388608	4	10000	100	5	1.185791	1425335900.111223	1425335898.925322	-2904	228
8388608	4	10000	100	5	1.173693	1425338696.400957	1425338695.227248	968	228
524288	4	1000	100	5	1.172681	1425331852.005518	1425331850.832821	2588	228
524288	4	1000	100	5	0.9928360000000001	1425334648.777322	1425334647.78447	6216	5604
524288	4	1000	100	5	0.992393	1425337438.165852	1425337437.173442	6216	5604
131072	4	50000	100	5	1.173541	1425333781.570701	1425333780.397144	2600	232
131072	4	50000	100	5	1.004745	1425336570.180067	1425336569.175211	2376	5608
131072	4	50000	100	5	0.993313	1425339367.421594	1425339366.428264	6220	5608
131072	1	10000	20	5	0.757738	1425332659.41557	1425332658.657816	2364	0
4194304	4	5000	100	5	1.172956	1425332435.319201	1425332434.146229	968	228
4194304	4	5000	100	5	0.993312	1425335226.138089	1425335225.14476	6216	5604
4194304	4	5000	100	5	0.993571	1425338022.897581	1425338021.903993	6216	5604
262144	4	500	100	5	0.997109	1425331501.487754	1425331500.490623	7844	5604
262144	4	500	100	5	0.996354	1425334298.679101	1425334297.68273	6216	5604
262144	4	500	100	5	0.995711	1425337088.050005	1425337087.054278	6216	5604
4194304	4	10000	200	5	2.312409	1425333118.547027	1425333116.234603	2592	232
4194304	4	10000	200	5	1.957523	1425335907.528706	1425335905.571168	2368	0
4194304	4	10000	200	5	1.959528	1425338703.822211	1425338701.862666	2360	0
262144	4	1000	200	5	2.320844	1425331859.769946	1425331857.448988	-2872	232
131072	1	50000	1000	5	42.533839	1425336411.946431	1425336369.412575	3068	752
131072	1	10000	20	5	0.768144	1425335449.564679	1425335448.796423	-3100	0
262144	4	1000	200	5	2.308786	1425334656.550647	1425334654.241846	2620	232
262144	4	1000	200	5	2.319194	1425337445.942158	1425337443.622847	-2872	232
131072	4	50000	200	5	1.970854	1425333788.972878	1425333787.001913	-3136	0
131072	4	50000	200	5	2.312743	1425336577.952553	1425336575.639793	2600	232
131072	4	50000	200	5	2.314791	1425339375.201445	1425339372.886636	2592	232
2097152	4	5000	200	5	2.309741	1425332443.081423	1425332440.771666	2592	232
2097152	4	5000	200	5	2.308302	1425335233.932022	1425335231.623704	2592	232
2097152	4	5000	200	5	1.965765	1425338030.317422	1425338028.351545	-3136	0
131072	4	500	200	5	1.970146	1425331508.898398	1425331506.928142	-3104	0
131072	4	500	200	5	1.954782	1425334306.097898	1425334304.143098	2388	0
131072	1	10000	20	5	0.757688	1425338245.600327	1425338244.842622	2388	0
131072	4	500	200	5	1.971555	1425337095.510665	1425337093.538995	-3104	0
33554432	4	10000	20	5	0.254903	1425333084.658305	1425333084.403385	968	228
33554432	4	10000	20	5	0.255525	1425335873.4535	1425335873.197958	968	228
33554432	4	10000	20	5	0.218401	1425338669.963333	1425338669.744916	740	0
2097152	4	1000	20	5	0.218641	1425331825.3342	1425331825.115543	740	0
2097152	4	1000	20	5	0.254512	1425334622.634987	1425334622.380459	968	228
2097152	4	1000	20	5	0.254989	1425337411.797798	1425337411.542792	968	228
262144	4	100	20	5	0.218642	1425331265.201948	1425331264.983291	740	0
262144	4	100	20	5	0.254047	1425334062.859228	1425334062.605166	968	228
262144	4	100	20	5	0.218758	1425336852.085978	1425336851.867204	740	0
2097152	1	1000	20	5	0.745629	1425331586.970869	1425331586.225223	740	0
131072	4	50000	20	5	0.255184	1425333754.8402	1425333754.584999	972	232
131072	4	50000	20	5	0.218745	1425336543.921838	1425336543.703077	740	0
131072	4	50000	20	5	0.25484	1425339341.201341	1425339340.946484	972	232
16777216	4	5000	20	5	0.22105	1425332408.705523	1425332408.484457	740	0
16777216	4	5000	20	5	0.219194	1425335199.694171	1425335199.474961	740	0
16777216	4	5000	20	5	0.218025	1425337996.566471	1425337996.34843	740	0
1048576	4	500	20	5	0.218539	1425331474.922424	1425331474.703869	740	0
1048576	4	500	20	5	0.254961	1425334272.344079	1425334272.089102	968	228
1048576	4	500	20	5	0.218802	1425337061.562196	1425337061.343379	740	0
16777216	4	10000	30	5	0.334895	1425333086.866007	1425333086.531096	2124	1384
2097152	1	1000	20	5	0.758032	1425334384.128545	1425334383.370403	-3100	0
16777216	4	10000	30	5	0.336579	1425335875.668129	1425335875.331534	2124	1384
16777216	4	10000	30	5	0.337694	1425338672.167294	1425338671.829585	2124	1384
2097152	4	1000	30	5	0.395002	1425331827.624569	1425331827.229551	2124	1384
2097152	4	1000	30	5	0.33516	1425334624.836794	1425334624.501618	2124	1384
2097152	4	1000	30	5	0.337345	1425337413.987498	1425337413.650136	2124	1384
262144	4	100	30	5	0.334814	1425331267.421538	1425331267.086707	2124	1384
262144	4	100	30	5	0.337382	1425334065.084273	1425334064.746875	2124	1384
262144	4	100	30	5	0.409325	1425336854.375872	1425336853.966434	-1100	1384
131072	4	50000	30	5	0.337423	1425333757.053531	1425333756.716091	2124	1384
131072	4	50000	30	5	0.337015	1425336546.131259	1425336545.794228	2124	1384
2097152	1	1000	20	5	0.747203	1425337173.182041	1425337172.434821	740	0
131072	4	50000	30	5	0.33778	1425339343.422441	1425339343.084644	2124	1384
8388608	4	5000	30	5	0.335012	1425332410.914907	1425332410.579879	2124	1384
8388608	4	5000	30	5	0.338271	1425335201.903689	1425335201.565402	2124	1384
8388608	4	5000	30	5	0.338175	1425337998.786818	1425337998.448626	2124	1384
1048576	4	500	30	5	0.335357	1425331477.119099	1425331476.783727	2124	1384
1048576	4	500	30	5	0.337376	1425334274.548193	1425334274.2108	2124	1384
1048576	4	500	30	5	0.337361	1425337063.77857	1425337063.441193	2124	1384
16777216	4	10000	40	5	0.405564	1425333089.303703	1425333088.898122	968	228
16777216	4	10000	40	5	0.479795	1425335878.169621	1425335877.689808	2380	1640
16777216	4	10000	40	5	0.409097	1425338674.635504	1425338674.22639	968	228
262144	1	100	20	5	0.752924	1425331206.929718	1425331206.17677	740	0
2097152	4	1000	40	5	0.479656	1425331830.135186	1425331829.655513	2380	1640
2097152	4	1000	40	5	0.476787	1425334627.342605	1425334626.865802	2380	1640
2097152	4	1000	40	5	0.479912	1425337416.502735	1425337416.022807	2380	1640
131072	4	100	40	5	0.422652	1425331269.86418	1425331269.441413	-2876	228
131072	4	100	40	5	0.408999	1425334067.53149	1425334067.122476	968	228
131072	4	100	40	5	0.40894	1425336856.794494	1425336856.385536	968	228
131072	4	50000	40	5	0.480356	1425333759.593943	1425333759.11357	2380	1640
131072	4	50000	40	5	0.48079	1425336548.644936	1425336548.16413	2380	1640
131072	4	50000	40	5	0.480536	1425339345.929499	1425339345.448947	2380	1640
8388608	4	5000	40	5	0.406156	1425332413.35836	1425332412.952188	968	228
262144	1	100	20	5	0.74621	1425334004.419689	1425334003.673462	2364	0
8388608	4	5000	40	5	0.40917	1425335204.357545	1425335203.94836	968	228
8388608	4	5000	40	5	0.405796	1425338001.222671	1425338000.816858	968	228
1048576	4	500	40	5	0.480126	1425331479.629625	1425331479.149483	2380	1640
1048576	4	500	40	5	0.479865	1425334277.08626	1425334276.606379	2380	1640
1048576	4	500	40	5	0.479872	1425337066.299192	1425337065.819305	2380	1640
1048576	4	10000	500	5	4.952746	1425333135.524017	1425333130.571255	2360	0
1048576	4	10000	500	5	4.950258	1425335924.506358	1425335919.556083	2360	0
1048576	4	10000	500	5	4.955593	1425338720.805885	1425338715.850275	2360	0
131072	4	1000	500	5	4.94946	1425331876.77413	1425331871.824653	2360	0
131072	4	1000	500	5	5.83496	1425334674.42085	1425334668.585874	1120	232
262144	1	100	20	5	0.746375	1425336793.938706	1425336793.192314	740	0
131072	4	1000	500	5	4.951355	1425337462.946007	1425337457.994636	2360	0
131072	4	50000	500	5	4.945214	1425333805.943805	1425333800.998574	2360	0
131072	4	50000	500	5	5.831372	1425336595.822981	1425336589.991593	2592	232
131072	4	50000	500	5	5.838208	1425339393.068294	1425339387.230069	2592	232
524288	4	5000	500	5	5.827175	1425332460.931043	1425332455.103852	2592	232
524288	4	5000	500	5	5.840351	1425335251.806548	1425335245.96618	2592	232
524288	4	5000	500	5	5.837932	1425338048.214395	1425338042.376447	2592	232
16777216	4	10000	50	5	0.61509	1425333092.198932	1425333091.583824	968	228
16777216	4	10000	50	5	0.614893	1425335881.075321	1425335880.460411	968	228
16777216	4	10000	50	5	0.611052	1425338677.537498	1425338676.92643	968	228
131072	1	50000	20	5	0.748208	1425333334.808126	1425333334.059901	740	0
1048576	4	1000	50	5	0.614559	1425331833.031073	1425331832.416498	968	228
1048576	4	1000	50	5	0.5351590000000001	1425334630.181568	1425334629.646299	-2872	228
1048576	4	1000	50	5	0.523571	1425337419.360278	1425337418.836692	968	228
131072	4	100	50	5	0.5228159999999999	1425331272.665711	1425331272.142878	968	228
131072	4	100	50	5	0.523435	1425334070.350975	1425334069.827523	2616	228
131072	4	100	50	5	0.5374100000000001	1425336859.622396	1425336859.084871	-2872	228
131072	4	50000	50	5	0.615224	1425333762.478052	1425333761.862811	972	232
131072	4	50000	50	5	0.524042	1425336551.498863	1425336550.974804	972	232
131072	4	50000	50	5	0.523532	1425339348.741138	1425339348.217589	972	232
8388608	4	5000	50	5	0.522519	1425332416.161933	1425332415.639397	968	228
131072	1	50000	20	5	0.749626	1425336123.232211	1425336122.482568	740	0
8388608	4	5000	50	5	0.522684	1425335207.158498	1425335206.635798	968	228
8388608	4	5000	50	5	0.523232	1425338004.068473	1425338003.545225	968	228
524288	4	500	50	5	0.615072	1425331482.541667	1425331481.926578	968	228
524288	4	500	50	5	0.628077	1425334280.006035	1425334279.377848	-2876	228
524288	4	500	50	5	0.617143	1425337069.208735	1425337068.591577	968	228
8388608	4	10000	60	5	0.704809	1425333095.361242	1425333094.656417	968	228
8388608	4	10000	60	5	0.599768	1425335884.137067	1425335883.537283	968	228
8388608	4	10000	60	5	0.60056	1425338680.605828	1425338680.005251	2596	228
1048576	4	1000	60	5	0.599815	1425331836.07334	1425331835.473508	968	228
1048576	4	1000	60	5	0.70599	1425334633.317293	1425334632.611287	968	228
131072	1	50000	1000	5	42.541532	1425339209.870438	1425339167.328889	3068	752
131072	1	50000	20	5	0.7482259999999999	1425338918.048782	1425338917.30054	740	0
1048576	4	1000	60	5	0.705086	1425337422.554619	1425337421.849517	968	228
131072	4	100	60	5	0.705362	1425331275.82546	1425331275.120082	968	228
131072	4	100	60	5	0.612081	1425334073.41103	1425334072.798834	-2908	228
131072	4	100	60	5	0.705165	1425336862.802915	1425336862.097733	968	228
131072	4	50000	60	5	0.7022929999999999	1425333765.649843	1425333764.947533	972	232
131072	4	50000	60	5	0.600204	1425336554.573731	1425336553.97351	972	232
131072	4	50000	60	5	0.707116	1425339351.927232	1425339351.220099	2628	232
4194304	4	5000	60	5	0.704616	1425332419.367751	1425332418.663114	968	228
4194304	4	5000	60	5	0.611946	1425335210.257154	1425335209.645097	-2872	228
4194304	4	5000	60	5	0.610913	1425338007.145875	1425338006.534851	-2872	228
16777216	1	5000	20	5	0.7595	1425331983.303322	1425331982.54371	-3100	0
524288	4	500	60	5	0.701306	1425331485.691709	1425331484.990387	968	228
524288	4	500	60	5	0.599222	1425334283.062776	1425334282.463537	968	228
524288	4	500	60	5	0.6102070000000001	1425337072.292792	1425337071.682466	-2876	228
8388608	4	10000	70	5	0.721123	1425333098.807362	1425333098.086223	5320	4708
8388608	4	10000	70	5	0.72066	1425335887.569634	1425335886.848958	5320	4708
8388608	4	10000	70	5	0.7210569999999999	1425338684.033676	1425338683.312602	5320	4708
1048576	4	1000	70	5	0.84733	1425331839.650409	1425331838.803063	968	228
1048576	4	1000	70	5	0.720583	1425334636.765354	1425334636.044755	5320	4708
1048576	4	1000	70	5	0.72199	1425337425.995512	1425337425.273505	5320	4708
131072	4	50000	70	5	0.84697	1425333769.209394	1425333768.362407	972	232
16777216	1	5000	20	5	0.834539	1425334781.656293	1425334780.821737	968	228
131072	4	50000	70	5	0.720996	1425336558.013349	1425336557.292337	5324	4712
131072	4	50000	70	5	0.721811	1425339355.367542	1425339354.645714	5324	4712
4194304	4	5000	70	5	0.846494	1425332422.937534	1425332422.091024	968	228
4194304	4	5000	70	5	0.847127	1425335213.805458	1425335212.958315	968	228
4194304	4	5000	70	5	0.84901	1425338010.70381	1425338009.854784	2616	228
524288	4	500	70	5	0.72071	1425331489.130734	1425331488.410008	6948	4708
524288	4	500	70	5	0.846229	1425334286.621259	1425334285.775014	968	228
524288	4	500	70	5	0.720258	1425337075.721521	1425337075.001247	5320	4708
8388608	4	10000	80	5	0.795037	1425333102.471316	1425333101.676264	5576	4964
8388608	4	10000	80	5	0.936528	1425335891.414197	1425335890.477653	2592	228
16777216	1	5000	20	5	0.840112	1425337570.047798	1425337569.207565	-2872	228
8388608	4	10000	80	5	0.936211	1425338687.854497	1425338686.918269	968	228
1048576	4	1000	80	5	0.935624	1425331843.448239	1425331842.512598	968	228
1048576	4	1000	80	5	0.805852	1425334640.446094	1425334639.640131	1736	4964
1048576	4	1000	80	5	0.949026	1425337429.8372	1425337428.888056	-2908	228
131072	4	50000	80	5	0.9414130000000001	1425333773.030767	1425333772.089337	972	232
131072	4	50000	80	5	0.938335	1425336561.824694	1425336560.886342	972	232
131072	4	50000	80	5	0.797495	1425339359.076008	1425339358.278496	5580	4968
4194304	4	5000	80	5	0.7960739999999999	1425332426.601429	1425332425.805339	5576	4964
4194304	4	5000	80	5	0.936298	1425335217.628006	1425335216.691691	968	228
4194304	4	5000	80	5	0.794704	1425338014.359507	1425338013.564787	5576	4964
1048576	1	500	20	5	0.827341	1425331326.596878	1425331325.769521	968	228
524288	4	500	80	5	0.94782	1425331492.973356	1425331492.025425	-2908	228
524288	4	500	80	5	0.807318	1425334290.311213	1425334289.503788	1732	4964
524288	4	500	80	5	0.948587	1425337079.554878	1425337078.606163	-2908	228
8388608	4	10000	90	5	0.903597	1425333106.496196	1425333105.592583	5960	5348
8388608	4	10000	90	5	1.064809	1425335895.583271	1425335894.518446	968	228
8388608	4	10000	90	5	0.903756	1425338691.907812	1425338691.00404	5960	5348
524288	4	1000	90	5	0.903887	1425331847.483615	1425331846.57971	5960	5348
524288	4	1000	90	5	0.902691	1425334644.457707	1425334643.554999	5960	5348
524288	4	1000	90	5	0.902537	1425337433.853925	1425337432.95137	5960	5348
131072	4	50000	90	5	0.902928	1425333777.079759	1425333776.17681	7592	5352
1048576	1	500	20	5	0.825884	1425334124.553996	1425334123.728095	2592	228
131072	4	50000	90	5	0.903179	1425336565.850816	1425336564.94762	5964	5352
131072	4	50000	90	5	0.90345	1425339363.107352	1425339362.203886	5964	5352
4194304	4	5000	90	5	1.064925	1425332430.816659	1425332429.751718	2616	228
4194304	4	5000	90	5	1.063951	1425335221.815513	1425335220.751545	968	228
4194304	4	5000	90	5	1.064929	1425338018.56259	1425338017.497643	968	228
262144	4	500	90	5	1.066995	1425331497.150976	1425331496.083965	968	228
262144	4	500	90	5	0.9177380000000001	1425334294.347707	1425334293.429858	2120	5348
262144	4	500	90	5	1.066895	1425337083.733448	1425337082.666537	968	228
524288	6	10000	1000	5	11.027769	1425333252.086331	1425333241.058546	2596	236
524288	6	10000	1000	5	9.266906000000001	1425336038.130585	1425336028.863662	2360	0
1048576	1	500	20	5	0.745662	1425336913.61381	1425336912.868131	740	0
524288	6	10000	1000	5	9.267917000000001	1425338834.753753	1425338825.485815	740	0
131072	6	50000	1000	5	9.268212	1425333919.942634	1425333910.674406	2360	0
131072	6	50000	1000	5	9.256380999999999	1425336710.685043	1425336701.428645	2360	0
131072	6	50000	1000	5	9.276229000000001	1425339507.03372	1425339497.757475	2360	0
262144	6	5000	1000	5	9.263325999999999	1425332575.166821	1425332565.903478	2360	0
262144	6	5000	1000	5	11.031816	1425335367.227502	1425335356.19567	2596	236
262144	6	5000	1000	5	11.015069	1425338163.409364	1425338152.394277	2596	236
8388608	6	10000	100	5	1.126207	1425333195.851186	1425333194.724963	2504	1764
8388608	6	10000	100	5	0.946836	1425335984.486429	1425335983.539577	968	228
8388608	6	10000	100	5	1.127227	1425338781.100103	1425338779.972859	4152	1764
16777216	1	10000	30	5	1.194167	1425332664.070396	1425332662.876214	972	232
524288	6	1000	100	5	1.12626	1425331904.68056	1425331903.554284	2504	1764
524288	6	1000	100	5	0.946581	1425334702.532259	1425334701.585661	968	228
524288	6	1000	100	5	1.127254	1425337491.464188	1425337490.336918	4132	1764
131072	6	50000	100	5	1.126707	1425333865.968405	1425333864.841681	2508	1768
131072	6	50000	100	5	1.12629	1425336655.866914	1425336654.740607	2508	1768
131072	6	50000	100	5	0.947664	1425339453.031213	1425339452.083532	972	232
4194304	6	5000	100	5	1.126181	1425332521.196984	1425332520.070787	4152	1764
4194304	6	5000	100	5	1.126487	1425335311.884641	1425335310.758138	4124	1764
4194304	6	5000	100	5	0.947145	1425338108.000138	1425338107.052976	968	228
262144	6	500	100	5	1.126578	1425331538.29102	1425331537.164426	2508	1768
16777216	1	10000	30	5	1.074681	1425335454.081149	1425335453.00645	740	0
262144	6	500	100	5	1.127386	1425334335.379255	1425334334.251853	4136	1768
262144	6	500	100	5	1.126631	1425337124.850805	1425337123.724158	2508	1768
4194304	6	10000	200	5	1.81781	1425333202.822736	1425333201.00491	7420	5180
4194304	6	10000	200	5	1.817854	1425335991.463648	1425335989.645778	7440	5180
4194304	6	10000	200	5	1.818468	1425338788.069641	1425338786.251156	5792	5180
262144	6	1000	200	5	2.163694	1425331912.016243	1425331909.852532	2592	228
262144	6	1000	200	5	1.829565	1425334709.505649	1425334707.675974	1948	5180
262144	6	1000	200	5	1.817171	1425337498.413097	1425337496.595909	7412	5180
131072	6	50000	200	5	2.165351	1425333873.314448	1425333871.14908	2600	232
131072	6	50000	200	5	2.163678	1425336663.205344	1425336661.04165	2596	232
16777216	1	10000	30	5	1.08825	1425338250.152295	1425338249.063932	-3100	0
131072	6	50000	200	5	2.165791	1425339460.36502	1425339458.199213	2592	232
2097152	6	5000	200	5	2.171759	1425332528.507952	1425332526.336084	-2908	228
2097152	6	5000	200	5	1.828837	1425335318.833478	1425335317.00453	1916	5180
2097152	6	5000	200	5	1.826127	1425338114.977304	1425338113.151067	1916	5180
131072	6	500	200	5	2.163789	1425331545.612165	1425331543.44836	2616	228
131072	6	500	200	5	2.165318	1425334342.678662	1425334340.513328	2588	228
131072	6	500	200	5	1.818123	1425337131.831924	1425337130.013784	7440	5180
33554432	6	10000	20	5	0.177432	1425333170.292786	1425333170.115338	740	0
33554432	6	10000	20	5	0.211315	1425335959.354923	1425335959.143592	972	232
33554432	6	10000	20	5	0.178161	1425338755.649353	1425338755.471177	740	0
262144	1	5000	1000	5	46.087796	1425332278.242954	1425332232.155141	3064	748
2097152	1	1000	30	5	1.194854	1425331591.641525	1425331590.446655	2596	232
2097152	6	1000	20	5	0.177232	1425331879.575168	1425331879.397922	740	0
2097152	6	1000	20	5	0.178357	1425334677.239849	1425334677.061476	740	0
2097152	6	1000	20	5	0.211041	1425337465.884704	1425337465.673647	972	232
262144	6	100	20	5	0.211295	1425331285.345879	1425331285.134568	972	232
262144	6	100	20	5	0.178131	1425334082.906771	1425334082.728624	740	0
262144	6	100	20	5	0.211241	1425336872.332089	1425336872.120832	972	232
131072	6	50000	20	5	0.178634	1425333840.722715	1425333840.544066	740	0
131072	6	50000	20	5	0.177815	1425336630.579319	1425336630.401488	740	0
131072	6	50000	20	5	0.177874	1425339427.876127	1425339427.698236	740	0
16777216	6	5000	20	5	0.177539	1425332495.703826	1425332495.526272	740	0
2097152	1	1000	30	5	1.088119	1425334388.65168	1425334387.563452	-3136	0
16777216	6	5000	20	5	0.177798	1425335286.595918	1425335286.418104	740	0
16777216	6	5000	20	5	0.17745	1425338083.014487	1425338082.837021	740	0
1048576	6	500	20	5	0.211728	1425331512.865064	1425331512.65332	972	232
1048576	6	500	20	5	0.178064	1425334310.027753	1425334309.849668	740	0
1048576	6	500	20	5	0.212776	1425337099.477297	1425337099.264505	972	232
16777216	6	10000	30	5	0.343514	1425333172.419456	1425333172.075926	972	232
16777216	6	10000	30	5	0.287275	1425335961.425117	1425335961.137826	740	0
16777216	6	10000	30	5	0.289097	1425338757.732296	1425338757.443183	740	0
2097152	6	1000	30	5	0.288766	1425331881.637305	1425331881.348523	740	0
2097152	6	1000	30	5	0.288846	1425334679.309967	1425334679.021104	740	0
2097152	1	1000	30	5	1.19155	1425337177.862324	1425337176.670759	972	232
2097152	6	1000	30	5	0.343422	1425337468.011753	1425337467.668311	972	232
262144	6	100	30	5	0.344057	1425331287.495957	1425331287.151884	972	232
262144	6	100	30	5	0.287624	1425334084.985401	1425334084.697761	740	0
262144	6	100	30	5	0.289459	1425336874.417211	1425336874.127736	740	0
131072	6	50000	30	5	0.288373	1425333842.789637	1425333842.501248	740	0
131072	6	50000	30	5	0.343971	1425336632.734873	1425336632.390885	976	236
131072	6	50000	30	5	0.2888	1425339429.967285	1425339429.678468	740	0
8388608	6	5000	30	5	0.28758	1425332497.769526	1425332497.481929	740	0
8388608	6	5000	30	5	0.341887	1425335288.717301	1425335288.375398	972	232
8388608	6	5000	30	5	0.341748	1425338085.131641	1425338084.789877	972	232
262144	1	100	30	5	1.196922	1425331211.600074	1425331210.403135	2596	232
1048576	6	500	30	5	0.288754	1425331514.962362	1425331514.673591	740	0
1048576	6	500	30	5	0.288988	1425334312.102802	1425334311.813797	740	0
1048576	6	500	30	5	0.343474	1425337101.620933	1425337101.277443	972	232
16777216	6	10000	40	5	0.484238	1425333174.951128	1425333174.466873	1652	912
16777216	6	10000	40	5	0.408281	1425335963.860834	1425335963.452537	1652	912
16777216	6	10000	40	5	0.408038	1425338760.189705	1425338759.781651	1652	912
2097152	6	1000	40	5	0.407801	1425331884.060885	1425331883.653068	1652	912
2097152	6	1000	40	5	0.408115	1425334681.755817	1425334681.347685	1652	912
2097152	6	1000	40	5	0.484201	1425337470.546729	1425337470.062512	1652	912
131072	6	100	40	5	0.420507	1425331289.959464	1425331289.538846	-2192	912
262144	1	100	30	5	1.077022	1425334008.93971	1425334007.862672	740	0
131072	6	100	40	5	0.480782	1425334087.508103	1425334087.027306	1652	912
131072	6	100	40	5	0.484086	1425336876.923206	1425336876.439104	1652	912
131072	6	50000	40	5	0.404823	1425333845.239897	1425333844.835058	1652	912
131072	6	50000	40	5	0.404903	1425336635.177956	1425336634.773037	1652	912
131072	6	50000	40	5	0.408261	1425339432.410326	1425339432.002048	1652	912
8388608	6	5000	40	5	0.484176	1425332500.287639	1425332499.803447	1652	912
8388608	6	5000	40	5	0.480376	1425335291.268525	1425335290.788133	1652	912
8388608	6	5000	40	5	0.40838	1425338087.582986	1425338087.17459	1652	912
1048576	6	500	40	5	0.496209	1425331517.513245	1425331517.016926	-2192	912
1048576	6	500	40	5	0.408282	1425334314.546071	1425334314.137773	1652	912
262144	1	100	30	5	1.192236	1425336798.595999	1425336797.403746	972	232
1048576	6	500	40	5	0.408091	1425337104.08708	1425337103.678973	1652	912
1048576	6	10000	500	5	5.431789	1425333219.457478	1425333214.025672	2596	232
1048576	6	10000	500	5	4.566877	1425336007.260667	1425336002.693774	2360	0
1048576	6	10000	500	5	4.568	1425338803.880394	1425338799.312377	2368	0
131072	6	1000	500	5	5.427916	1425331928.645157	1425331923.217225	2596	232
131072	6	1000	500	5	4.56488	1425334725.25855	1425334720.693654	2360	0
131072	6	1000	500	5	5.458103	1425337515.05702	1425337509.5989	2596	232
131072	6	50000	500	5	4.560159	1425333889.078689	1425333884.518514	2360	0
131072	6	50000	500	5	5.42252	1425336679.826375	1425336674.403838	2596	232
131072	6	50000	500	5	4.562019	1425339476.126545	1425339471.56451	2360	0
131072	1	50000	30	5	1.082599	1425333339.382888	1425333338.300272	740	0
524288	6	5000	500	5	4.56285	1425332544.257088	1425332539.694222	2360	0
524288	6	5000	500	5	4.564639	1425335334.591325	1425335330.02667	2360	0
524288	6	5000	500	5	4.567117	1425338130.782038	1425338126.214905	2360	0
16777216	6	10000	50	5	0.544975	1425333177.661704	1425333177.116712	1740	1000
16777216	6	10000	50	5	0.459007	1425335966.459753	1425335966.000725	1740	1000
16777216	6	10000	50	5	0.562791	1425338763.018495	1425338762.455584	-2104	1000
1048576	6	1000	50	5	0.461245	1425331886.685476	1425331886.224215	1740	1000
1048576	6	1000	50	5	0.461212	1425334684.384189	1425334683.922961	1740	1000
1048576	6	1000	50	5	0.460819	1425337473.193143	1425337472.732307	1740	1000
131072	6	100	50	5	0.46084	1425331292.549455	1425331292.088599	1740	1000
131072	1	50000	30	5	1.080687	1425336127.784753	1425336126.704043	740	0
131072	6	100	50	5	0.560418	1425334090.195985	1425334089.635452	-2100	1000
131072	6	100	50	5	0.562458	1425336879.65608	1425336879.093511	-2104	1000
131072	6	50000	50	5	0.460608	1425333847.835723	1425333847.375099	1740	1000
131072	6	50000	50	5	0.460328	1425336637.788675	1425336637.32833	1740	1000
131072	6	50000	50	5	0.548076	1425339435.111918	1425339434.563825	1740	1000
8388608	6	5000	50	5	0.461215	1425332502.889724	1425332502.428493	1740	1000
8388608	6	5000	50	5	0.460927	1425335293.877586	1425335293.416643	1740	1000
8388608	6	5000	50	5	0.5475100000000001	1425338090.308275	1425338089.76075	1740	1000
524288	6	500	50	5	0.474636	1425331520.12786	1425331519.653113	-2100	1000
524288	6	500	50	5	0.457444	1425334317.158979	1425334316.701519	1740	1000
131072	1	50000	30	5	1.080564	1425338922.597335	1425338921.516754	740	0
524288	6	500	50	5	0.461327	1425337106.713289	1425337106.251945	1740	1000
8388608	6	10000	60	5	0.674106	1425333180.716725	1425333180.042604	1908	1168
8388608	6	10000	60	5	0.566393	1425335969.417437	1425335968.851028	1908	1168
8388608	6	10000	60	5	0.566918	1425338765.97229	1425338765.405356	1908	1168
1048576	6	1000	60	5	0.566334	1425331889.627599	1425331889.061249	1908	1168
1048576	6	1000	60	5	0.674376	1425334687.437917	1425334686.763524	1908	1168
1048576	6	1000	60	5	0.5668260000000001	1425337476.169608	1425337475.602766	1908	1168
131072	6	100	60	5	0.561734	1425331295.501601	1425331294.939851	1908	1168
131072	6	100	60	5	0.674455	1425334093.234274	1425334092.559803	1908	1168
131072	6	100	60	5	0.673976	1425336882.721397	1425336882.047404	1908	1168
8388608	1	5000	30	5	1.075862	1425331987.821698	1425331986.74582	740	0
131072	6	50000	60	5	0.673959	1425333850.884452	1425333850.210476	1908	1168
131072	6	50000	60	5	0.566293	1425336640.729315	1425336640.163005	1908	1168
131072	6	50000	60	5	0.566731	1425339438.073509	1425339437.506762	1908	1168
4194304	6	5000	60	5	0.6742629999999999	1425332505.965011	1425332505.29073	1908	1168
4194304	6	5000	60	5	0.5668800000000001	1425335296.836166	1425335296.269269	1908	1168
4194304	6	5000	60	5	0.566972	1425338093.256796	1425338092.689808	1908	1168
524288	6	500	60	5	0.687649	1425331523.189657	1425331522.501897	-1936	1168
524288	6	500	60	5	0.579088	1425334320.135442	1425334319.556243	-1936	1168
524288	6	500	60	5	0.579549	1425337109.717289	1425337109.137624	-1936	1168
8388608	6	10000	70	5	0.675325	1425333184.043438	1425333183.368097	2080	1340
262144	1	5000	1000	5	42.589562	1425335070.311737	1425335027.722158	3064	748
8388608	1	5000	30	5	1.076307	1425334786.185578	1425334785.109255	740	0
8388608	6	10000	70	5	0.803799	1425335972.838664	1425335972.03485	2080	1340
8388608	6	10000	70	5	0.675545	1425338769.279445	1425338768.603884	2080	1340
1048576	6	1000	70	5	0.6812319999999999	1425331892.932408	1425331892.251066	-1796	1340
1048576	6	1000	70	5	0.803718	1425334690.901262	1425334690.097527	3708	1340
1048576	6	1000	70	5	0.6829499999999999	1425337479.487992	1425337478.804931	-1796	1340
131072	6	50000	70	5	0.6881930000000001	1425333854.198987	1425333853.510684	-1764	1340
131072	6	50000	70	5	0.804013	1425336644.207978	1425336643.403948	2080	1340
131072	6	50000	70	5	0.676225	1425339441.37947	1425339440.703228	2080	1340
4194304	6	5000	70	5	0.674983	1425332509.251926	1425332508.576926	2080	1340
4194304	6	5000	70	5	0.815161	1425335300.274301	1425335299.459027	-1764	1340
8388608	1	5000	30	5	1.086009	1425337574.595579	1425337573.509454	-3136	0
4194304	6	5000	70	5	0.67543	1425338096.554632	1425338095.879186	2080	1340
524288	6	500	70	5	0.80363	1425331526.599841	1425331525.796194	2080	1340
524288	6	500	70	5	0.81758	1425334323.573079	1425334322.755387	-1796	1340
524288	6	500	70	5	0.803405	1425337113.154131	1425337112.35071	2080	1340
8388608	6	10000	80	5	0.728338	1425333187.506108	1425333186.777753	-1080	-1820
8388608	6	10000	80	5	0.728302	1425335976.316442	1425335975.588124	-1080	-1820
8388608	6	10000	80	5	0.728773	1425338772.761736	1425338772.032947	-1080	-1820
1048576	6	1000	80	5	0.727793	1425331896.384102	1425331895.656292	-1080	-1820
1048576	6	1000	80	5	0.728349	1425334694.364819	1425334693.636454	-1080	-1820
1048576	6	1000	80	5	0.867164	1425337483.087461	1425337482.220281	116	-624
1048576	1	500	30	5	1.075459	1425331331.160202	1425331330.084726	2368	0
131072	6	50000	80	5	0.72817	1425333857.654019	1425333856.925833	-1076	-1816
131072	6	50000	80	5	0.728178	1425336647.677874	1425336646.94968	-1076	-1816
131072	6	50000	80	5	0.72862	1425339444.84386	1425339444.115223	-1076	-1816
4194304	6	5000	80	5	0.866425	1425332512.863704	1425332511.997262	116	-624
4194304	6	5000	80	5	0.728457	1425335303.743192	1425335303.014719	-1080	-1820
4194304	6	5000	80	5	0.739441	1425338100.026574	1425338099.287021	-4924	-1820
524288	6	500	80	5	0.740275	1425331530.10832	1425331529.367935	-4924	-1820
524288	6	500	80	5	0.867548	1425334327.164044	1425334326.296479	116	-624
524288	6	500	80	5	0.729057	1425337116.682572	1425337115.953499	-1080	-1820
8388608	6	10000	90	5	0.9967510000000001	1425333191.492229	1425333190.495462	3964	1596
1048576	1	500	30	5	1.088265	1425334129.087198	1425334127.998821	-3100	0
8388608	6	10000	90	5	1.009491	1425335980.316239	1425335979.306636	-1508	1596
8388608	6	10000	90	5	0.996758	1425338776.74366	1425338775.746886	2336	1596
524288	6	1000	90	5	1.007922	1425331900.353748	1425331899.345711	-1508	1596
524288	6	1000	90	5	0.995932	1425334698.358139	1425334697.36219	2336	1596
524288	6	1000	90	5	0.9965850000000001	1425337487.064631	1425337486.06803	2336	1596
131072	6	50000	90	5	0.996924	1425333861.621475	1425333860.624534	2336	1596
131072	6	50000	90	5	0.837126	1425336651.498092	1425336650.660949	972	232
131072	6	50000	90	5	0.997282	1425339448.856566	1425339447.859267	2336	1596
4194304	6	5000	90	5	0.995744	1425332516.838302	1425332515.842542	2336	1596
4194304	6	5000	90	5	0.835946	1425335307.54183	1425335306.705867	968	228
1048576	1	500	30	5	1.191247	1425336918.275566	1425336917.084303	972	232
4194304	6	5000	90	5	0.836921	1425338103.83603	1425338102.999092	968	228
262144	6	500	90	5	0.837751	1425331533.957454	1425331533.119686	2616	228
262144	6	500	90	5	0.837607	1425334331.008773	1425334330.17115	2596	228
262144	6	500	90	5	0.837839	1425337120.521969	1425337119.684113	2616	228
524288	8	10000	1000	5	8.855937000000001	1425333331.254774	1425333322.39882	2360	0
524288	8	10000	1000	5	10.589296	1425336119.693812	1425336109.104499	2592	232
524288	8	10000	1000	5	8.865129	1425338914.506882	1425338905.641737	2360	0
131072	8	50000	1000	5	10.58015	1425334000.615833	1425333990.035666	2592	232
131072	8	50000	1000	5	8.850440000000001	1425336790.134241	1425336781.283784	2360	0
131072	8	50000	1000	5	10.582104	1425339588.860215	1425339578.278094	2592	232
131072	1	10000	40	5	1.429143	1425332669.692956	1425332668.263796	2360	0
262144	8	5000	1000	5	10.587678	1425332655.889404	1425332645.301709	2592	232
262144	8	5000	1000	5	8.859220000000001	1425335446.026148	1425335437.166912	2360	0
262144	8	5000	1000	5	8.866982999999999	1425338242.027909	1425338233.160911	2360	0
8388608	8	10000	100	5	0.931577	1425333278.50197	1425333277.570378	1864	1124
8388608	8	10000	100	5	1.113263	1425336065.195092	1425336064.081812	1864	1124
8388608	8	10000	100	5	1.114114	1425338861.679353	1425338860.565223	3492	1124
524288	8	1000	100	5	0.932487	1425331956.396942	1425331955.464439	1864	1124
524288	8	1000	100	5	1.113371	1425334753.431036	1425334752.317649	1864	1124
524288	8	1000	100	5	1.112674	1425337543.055589	1425337541.942899	1864	1124
131072	8	50000	100	5	1.127051	1425333947.01356	1425333945.8864	-2008	1128
131072	1	10000	40	5	1.598868	1425335459.90003	1425335458.301049	-2904	232
131072	8	50000	100	5	0.931283	1425336737.396104	1425336736.464804	1868	1128
131072	8	50000	100	5	0.932477	1425339533.991214	1425339533.058721	1868	1128
4194304	8	5000	100	5	0.9338	1425332601.967067	1425332601.033251	1864	1124
4194304	8	5000	100	5	1.113845	1425335394.14794	1425335393.034078	1864	1124
4194304	8	5000	100	5	0.94311	1425338190.139662	1425338189.196438	-1980	1124
262144	8	500	100	5	0.930914	1425331574.472665	1425331573.541734	3492	1124
262144	8	500	100	5	0.931841	1425334371.516527	1425334370.58467	3492	1124
262144	8	500	100	5	0.931482	1425337160.587012	1425337159.655513	3512	1124
4194304	8	10000	200	5	1.77296	1425333285.352485	1425333283.579508	968	228
4194304	8	10000	200	5	1.774468	1425336072.049721	1425336070.275236	2616	228
131072	1	10000	40	5	1.431549	1425338255.770485	1425338254.338919	740	0
4194304	8	10000	200	5	1.774704	1425338868.488893	1425338866.714172	968	228
262144	8	1000	200	5	1.775784	1425331963.250168	1425331961.474367	2596	228
262144	8	1000	200	5	2.134744	1425334760.628862	1425334758.493998	-2876	228
262144	8	1000	200	5	1.781491	1425337549.923274	1425337548.141669	-2908	228
131072	8	50000	200	5	1.775574	1425333953.849881	1425333952.07429	2592	232
131072	8	50000	200	5	1.77629	1425336744.237884	1425336742.461575	2592	232
131072	8	50000	200	5	2.131904	1425339541.183647	1425339539.051627	-2872	232
2097152	8	5000	200	5	2.128774	1425332609.143636	1425332607.014752	-2904	228
2097152	8	5000	200	5	1.77478	1425335400.99345	1425335399.218653	2616	228
2097152	8	5000	200	5	1.774985	1425338196.973533	1425338195.198531	2616	228
2097152	1	1000	40	5	1.430054	1425331597.265781	1425331595.83571	740	0
131072	8	500	200	5	1.774335	1425331581.30665	1425331579.532299	2596	228
131072	8	500	200	5	1.774833	1425334378.383719	1425334376.60887	968	228
131072	8	500	200	5	1.775815	1425337167.429448	1425337165.653617	2596	228
33554432	8	10000	20	5	0.217534	1425333253.970129	1425333253.75258	740	0
33554432	8	10000	20	5	0.260277	1425336040.085878	1425336039.825585	968	228
33554432	8	10000	20	5	0.217944	1425338836.634245	1425338836.416284	740	0
2097152	8	1000	20	5	0.222369	1425331931.619724	1425331931.397338	740	0
2097152	8	1000	20	5	0.260587	1425334728.254241	1425334727.993638	968	228
2097152	8	1000	20	5	0.21759	1425337518.014739	1425337517.797133	740	0
262144	8	100	20	5	0.217034	1425331305.207235	1425331304.990185	740	0
2097152	1	1000	40	5	1.585815	1425334394.43718	1425334392.85135	2620	232
262144	8	100	20	5	0.216354	1425334102.940948	1425334102.724578	740	0
262144	8	100	20	5	0.216275	1425336892.274102	1425336892.057811	740	0
131072	8	50000	20	5	0.220239	1425333921.817653	1425333921.597397	740	0
131072	8	50000	20	5	0.218642	1425336712.573509	1425336712.354851	740	0
131072	8	50000	20	5	0.218458	1425339508.954728	1425339508.736253	740	0
16777216	8	5000	20	5	0.260359	1425332577.117277	1425332576.856902	968	228
16777216	8	5000	20	5	0.260323	1425335369.172578	1425335368.912239	968	228
16777216	8	5000	20	5	0.260285	1425338165.358004	1425338165.097703	968	228
1048576	8	500	20	5	0.260762	1425331549.757945	1425331549.497167	968	228
1048576	8	500	20	5	0.260554	1425334346.7955	1425334346.53493	968	228
262144	1	5000	1000	5	46.054841	1425337862.745709	1425337816.690852	3064	748
2097152	1	1000	40	5	1.581544	1425337183.68169	1425337182.10013	972	232
1048576	8	500	20	5	0.260444	1425337135.959951	1425337135.69949	968	228
16777216	8	10000	30	5	0.301785	1425333256.073194	1425333255.771392	1288	548
16777216	8	10000	30	5	0.355801	1425336042.241412	1425336041.885594	1288	548
16777216	8	10000	30	5	0.299204	1425338838.716767	1425338838.417548	1288	548
2097152	8	1000	30	5	0.359978	1425331933.772167	1425331933.412173	1288	548
2097152	8	1000	30	5	0.359204	1425334730.407079	1425334730.047858	1288	548
2097152	8	1000	30	5	0.302106	1425337520.128572	1425337519.82645	1288	548
262144	8	100	30	5	0.301745	1425331307.315122	1425331307.01336	1288	548
262144	8	100	30	5	0.301489	1425334105.048265	1425334104.74676	1288	548
262144	8	100	30	5	0.359246	1425336894.406181	1425336894.046919	1288	548
131072	1	100	40	5	1.428957	1425331217.197695	1425331215.768722	740	0
131072	8	50000	30	5	0.302987	1425333923.932129	1425333923.629124	1292	552
131072	8	50000	30	5	0.301823	1425336714.678514	1425336714.376673	1292	552
131072	8	50000	30	5	0.359977	1425339511.120068	1425339510.760074	1292	552
8388608	8	5000	30	5	0.35613	1425332579.281274	1425332578.925128	1288	548
8388608	8	5000	30	5	0.301772	1425335371.274116	1425335370.972328	1288	548
8388608	8	5000	30	5	0.30202	1425338167.462774	1425338167.160738	1288	548
1048576	8	500	30	5	0.302059	1425331551.846894	1425331551.544819	1288	548
1048576	8	500	30	5	0.301727	1425334348.885249	1425334348.583505	1288	548
1048576	8	500	30	5	0.302034	1425337138.06664	1425337137.76459	1288	548
16777216	8	10000	40	5	0.374572	1425333258.39371	1425333258.019122	1352	612
131072	1	100	40	5	1.42865	1425334014.556508	1425334013.127842	740	0
16777216	8	10000	40	5	0.446961	1425336044.648507	1425336044.20153	1352	612
16777216	8	10000	40	5	0.446377	1425338841.141478	1425338840.695085	1352	612
2097152	8	1000	40	5	0.446244	1425331936.170746	1425331935.724482	1352	612
2097152	8	1000	40	5	0.374807	1425334732.765116	1425334732.390293	1352	612
2097152	8	1000	40	5	0.446429	1425337522.541158	1425337522.094712	1352	612
131072	8	100	40	5	0.386167	1425331309.683282	1425331309.297005	-2524	612
131072	8	100	40	5	0.446982	1425334107.477995	1425334107.030996	1352	612
131072	8	100	40	5	0.374771	1425336896.768389	1425336896.393602	1352	612
131072	8	50000	40	5	0.446338	1425333926.365758	1425333925.919398	1356	616
131072	8	50000	40	5	0.370384	1425336717.01635	1425336716.64595	1356	616
131072	1	100	40	5	1.581753	1425336804.373407	1425336802.791637	972	232
131072	8	50000	40	5	0.446445	1425339513.559346	1425339513.112884	1356	616
8388608	8	5000	40	5	0.375437	1425332581.629291	1425332581.253837	1352	612
8388608	8	5000	40	5	0.444123	1425335373.676984	1425335373.232845	1352	612
8388608	8	5000	40	5	0.386837	1425338169.791667	1425338169.404721	-2524	612
1048576	8	500	40	5	0.446349	1425331554.224988	1425331553.778624	1352	612
1048576	8	500	40	5	0.374848	1425334351.246211	1425334350.871346	1352	612
1048576	8	500	40	5	0.446272	1425337140.476493	1425337140.030206	1352	612
1048576	8	10000	500	5	5.326179	1425333301.681131	1425333296.354935	2592	232
1048576	8	10000	500	5	5.326909	1425336088.389725	1425336083.0628	2600	232
1048576	8	10000	500	5	5.337032	1425338884.888764	1425338879.55171	2600	232
131072	1	50000	40	5	1.589984	1425333345.162919	1425333343.572917	972	232
131072	8	1000	500	5	4.451454	1425331978.692616	1425331974.241145	2360	0
131072	8	1000	500	5	5.322355	1425334776.97361	1425334771.651237	2592	232
131072	8	1000	500	5	4.453767	1425337565.370599	1425337560.916816	2360	0
131072	8	50000	500	5	4.452774	1425333969.308839	1425333964.856048	2360	0
131072	8	50000	500	5	5.327849	1425336760.56793	1425336755.240064	2592	232
131072	8	50000	500	5	5.330046	1425339557.558629	1425339552.228568	2592	232
524288	8	5000	500	5	4.453568	1425332624.585195	1425332620.13161	2360	0
524288	8	5000	500	5	4.456707	1425335416.452633	1425335411.99591	2360	0
524288	8	5000	500	5	4.457765	1425338212.444524	1425338207.986742	2360	0
16777216	8	10000	50	5	0.444527	1425333260.939923	1425333260.495379	1416	676
131072	1	50000	40	5	1.595297	1425336133.564818	1425336131.969503	972	232
16777216	8	10000	50	5	0.444005	1425336047.236035	1425336046.792014	1416	676
16777216	8	10000	50	5	0.444985	1425338843.703436	1425338843.258434	1416	676
1048576	8	1000	50	5	0.443879	1425331938.719359	1425331938.275464	1416	676
1048576	8	1000	50	5	0.439568	1425334735.310498	1425334734.870914	1416	676
1048576	8	1000	50	5	0.529661	1425337525.196511	1425337524.666834	1416	676
131072	8	100	50	5	0.444051	1425331312.253841	1425331311.809773	1416	676
131072	8	100	50	5	0.457209	1425334110.070741	1425334109.61342	-2428	676
131072	8	100	50	5	0.457708	1425336899.351935	1425336898.894115	-2460	676
131072	8	50000	50	5	0.444382	1425333928.937826	1425333928.493427	1420	680
131072	8	50000	50	5	0.444022	1425336719.617944	1425336719.173906	1420	680
131072	1	50000	40	5	1.438769	1425338928.250657	1425338926.81187	740	0
131072	8	50000	50	5	0.529825	1425339516.19622	1425339515.666379	1420	680
8388608	8	5000	50	5	0.443968	1425332584.172905	1425332583.72892	1416	676
8388608	8	5000	50	5	0.52988	1425335376.322115	1425335375.792219	1416	676
8388608	8	5000	50	5	0.444857	1425338172.345796	1425338171.900923	1416	676
524288	8	500	50	5	0.444331	1425331556.793724	1425331556.349376	1416	676
524288	8	500	50	5	0.458236	1425334353.864194	1425334353.405848	-2428	676
524288	8	500	50	5	0.443906	1425337143.056352	1425337142.612429	1416	676
8388608	8	10000	60	5	0.694785	1425333264.033689	1425333263.338888	1548	808
8388608	8	10000	60	5	0.707972	1425336050.374384	1425336049.666302	-2292	808
8388608	8	10000	60	5	0.696034	1425338846.835546	1425338846.139496	1548	808
8388608	1	5000	40	5	1.585062	1425331993.611116	1425331992.026037	972	232
1048576	8	1000	60	5	0.582948	1425331941.729556	1425331941.146592	1548	808
1048576	8	1000	60	5	0.695983	1425334738.413764	1425334737.717765	1548	808
1048576	8	1000	60	5	0.582418	1425337528.212033	1425337527.629598	1548	808
131072	8	100	60	5	0.582327	1425331315.25569	1425331314.673347	1548	808
131072	8	100	60	5	0.695726	1425334113.166888	1425334112.471145	1548	808
131072	8	100	60	5	0.5826210000000001	1425336902.337214	1425336901.754577	1548	808
131072	8	50000	60	5	0.695737	1425333932.05242	1425333931.356666	1548	808
131072	8	50000	60	5	0.58296	1425336722.638677	1425336722.0557	1548	808
131072	8	50000	60	5	0.695592	1425339519.32094	1425339518.625331	1548	808
4194304	8	5000	60	5	0.582588	1425332587.181968	1425332586.599365	1548	808
8388608	1	5000	40	5	1.427203	1425334791.828039	1425334790.400821	2360	0
4194304	8	5000	60	5	0.69533	1425335379.440907	1425335378.745561	1548	808
4194304	8	5000	60	5	0.582761	1425338175.347986	1425338174.765209	1548	808
524288	8	500	60	5	0.592272	1425331559.821985	1425331559.229602	-2328	808
524288	8	500	60	5	0.583479	1425334356.847247	1425334356.263751	1548	808
524288	8	500	60	5	0.582611	1425337146.062791	1425337145.480163	1548	808
8388608	8	10000	70	5	0.65909	1425333267.285088	1425333266.625983	1612	872
8388608	8	10000	70	5	0.786558	1425336053.742342	1425336052.955767	1612	872
8388608	8	10000	70	5	0.671963	1425338850.082426	1425338849.410349	-2232	872
1048576	8	1000	70	5	0.657803	1425331944.94668	1425331944.28886	1612	872
1048576	8	1000	70	5	0.786405	1425334741.791262	1425334741.004839	1612	872
8388608	1	5000	40	5	1.594453	1425337580.379756	1425337578.785183	-2868	232
1048576	8	1000	70	5	0.787308	1425337531.591997	1425337530.804673	1612	872
131072	8	50000	70	5	0.786303	1425333935.432915	1425333934.646596	1612	872
131072	8	50000	70	5	0.657431	1425336725.876316	1425336725.218868	1612	872
131072	8	50000	70	5	0.6601089999999999	1425339522.581138	1425339521.921011	1612	872
4194304	8	5000	70	5	0.659886	1425332590.445619	1425332589.785717	3260	872
4194304	8	5000	70	5	0.659095	1425335382.671279	1425335382.012168	1612	872
4194304	8	5000	70	5	0.78634	1425338178.716365	1425338177.930009	1612	872
524288	8	500	70	5	0.671611	1425331563.082542	1425331562.410823	-2264	872
524288	8	500	70	5	0.671929	1425334360.112793	1425334359.440746	-2232	872
524288	8	500	70	5	0.66006	1425337149.3188	1425337148.658723	1612	872
131072	1	10000	100	5	3.571128	1425332727.20867	1425332723.637525	3092	744
1048576	1	500	40	5	1.443216	1425331336.783912	1425331335.340583	-3100	0
8388608	8	10000	80	5	0.7213039999999999	1425333270.74561	1425333270.024289	3324	936
8388608	8	10000	80	5	0.720523	1425336057.187365	1425336056.466827	1676	936
8388608	8	10000	80	5	0.720691	1425338853.509641	1425338852.788933	1676	936
1048576	8	1000	80	5	0.732747	1425331948.441122	1425331947.708263	-2168	936
1048576	8	1000	80	5	0.720842	1425334745.257436	1425334744.536577	1676	936
1048576	8	1000	80	5	0.732845	1425337535.089191	1425337534.356234	-2168	936
131072	8	50000	80	5	0.719991	1425333938.888647	1425333938.168639	1676	936
131072	8	50000	80	5	0.860555	1425336729.460602	1425336728.60003	1676	936
131072	8	50000	80	5	0.8619599999999999	1425339526.186264	1425339525.324287	1676	936
4194304	8	5000	80	5	0.860886	1425332594.007859	1425332593.146958	1676	936
1048576	1	500	40	5	1.598412	1425334134.874012	1425334133.275489	-2868	232
4194304	8	5000	80	5	0.720853	1425335386.138027	1425335385.417157	1676	936
4194304	8	5000	80	5	0.861133	1425338182.293886	1425338181.432737	1676	936
524288	8	500	80	5	0.861088	1425331566.660731	1425331565.799627	1676	936
524288	8	500	80	5	0.874277	1425334363.708817	1425334362.834424	-2200	936
524288	8	500	80	5	0.7210839999999999	1425337152.760064	1425337152.038964	1676	936
8388608	8	10000	90	5	0.790276	1425333274.384667	1425333273.594374	1736	996
8388608	8	10000	90	5	0.791063	1425336060.896579	1425336060.1055	3384	996
8388608	8	10000	90	5	0.936203	1425338857.376634	1425338856.440415	3384	996
524288	8	1000	90	5	0.944553	1425331952.274088	1425331951.329518	1736	996
524288	8	1000	90	5	0.945454	1425334749.098095	1425334748.152625	1736	996
1048576	1	500	40	5	1.429683	1425336923.905437	1425336922.475737	2364	0
524288	8	1000	90	5	0.790288	1425337538.734339	1425337537.944035	1736	996
131072	8	50000	90	5	0.945461	1425333942.711074	1425333941.765596	1740	1000
131072	8	50000	90	5	0.945133	1425336733.287363	1425336732.342212	1740	1000
131072	8	50000	90	5	0.805603	1425339529.883324	1425339529.077603	-2136	1000
4194304	8	5000	90	5	0.945015	1425332597.854008	1425332596.908976	1736	996
4194304	8	5000	90	5	0.804443	1425335389.822672	1425335389.018119	-2140	996
4194304	8	5000	90	5	0.7908500000000001	1425338185.995503	1425338185.204638	1736	996
262144	8	500	90	5	0.803804	1425331570.343118	1425331569.539203	-2108	996
262144	8	500	90	5	0.790552	1425334367.378629	1425334366.588061	1736	996
262144	8	500	90	5	0.792637	1425337156.440462	1425337155.647809	1736	996
1048576	1	10000	500	5	21.884878	1425332816.928001	1425332795.043107	3060	744
1048576	1	10000	500	5	20.12999	1425335606.18182	1425335586.051813	3060	744
1048576	1	10000	500	5	20.109582	1425338401.503408	1425338381.393809	3060	744
131072	1	1000	500	5	21.996979	1425331745.273898	1425331723.2769	3060	744
131072	1	1000	500	5	21.937871	1425334542.226909	1425334520.289021	3060	744
131072	1	1000	500	5	21.978616	1425337331.418095	1425337309.439462	3060	744
131072	1	50000	500	5	21.924744	1425333492.614239	1425333470.689478	3064	748
