module:input:0:probDimension	module:pub_input::blockSize	module:pub_input::mem_max	module:pub_input::nnz	module:pub_input::t_max	module:measure:time:time	module:measure:timestamp:End	module:measure:timestamp:Start	module:output:0:blocked_mflop_median	module:output:0:unblocked_mflop_max
8388608	1	5000	30	5	0.000527	1425334786.205029	1425334786.204493	170.2984687667083	340.5969375334166
8388608	1	5000	30	5	0.000142	1425337574.601691	1425337574.601541	170.0149516390536	340.0299032781072
1048576	1	500	30	5	0.000124	1425331331.164984	1425331331.164853	171.570645856549	343.141291713098
1048576	1	500	30	5	0.000125	1425334129.093985	1425334129.093853	171.4322553940951	342.8645107881903
1048576	1	500	30	5	0.000539	1425336918.293898	1425336918.293349	171.7468099911485	343.493619982297
131072	1	10000	40	5	0.000125	1425332669.69814	1425332669.698007	171.991914005891	343.983828011782
131072	1	10000	40	5	0.00013	1425335459.906839	1425335459.906701	170.3876689564544	340.7753379129088
131072	1	10000	40	5	0.000522	1425338255.793175	1425338255.792644	170.4652011686704	340.9304023373408
2097152	1	1000	40	5	0.0005330000000000001	1425331597.282929	1425331597.282387	170.315087755257	340.6301755105139
2097152	1	1000	40	5	0.000122	1425334394.442159	1425334394.44203	170.5151655741353	341.0303311482706
2097152	1	1000	40	5	0.000534	1425337183.70162	1425337183.701077	171.524386824508	343.048773649016
131072	1	100	40	5	0.000511	1425331217.211578	1425331217.211058	170.7350657351779	341.4701314703558
131072	1	100	40	5	0.000505	1425334014.575381	1425334014.574866	170.8308284276894	341.6616568553788
131072	1	100	40	5	0.00053	1425336804.393066	1425336804.392526	171.806476820981	343.612953641962
131072	1	50000	40	5	0.000501	1425333345.179496	1425333345.178986	171.3258058462073	342.6516116924146
131072	1	50000	40	5	0.000523	1425336133.585019	1425336133.584488	169.2850730136735	338.5701460273471
131072	1	50000	40	5	0.000545	1425338928.272198	1425338928.271644	169.3278284187458	338.6556568374917
8388608	1	5000	40	5	0.000511	1425331993.628222	1425331993.627701	170.316934509765	340.6338690195301
8388608	1	5000	40	5	0.000124	1425334791.833071	1425334791.83294	171.5731000217683	343.1462000435365
8388608	1	5000	40	5	0.000131	1425337580.386696	1425337580.386558	171.4827883907614	342.9655767815228
1048576	1	500	40	5	0.000128	1425331336.790675	1425331336.79054	169.719757405345	339.43951481069
1048576	1	500	40	5	0.000128	1425334134.881113	1425334134.880978	170.4225299109689	340.8450598219379
1048576	1	500	40	5	0.000123	1425336923.911727	1425336923.911596	170.4463069235038	340.8926138470077
1048576	1	10000	500	5	0.000123	1425332816.933268	1425332816.933137	189.4404654228201	378.8809308456403
1048576	1	10000	500	5	0.000122	1425335606.187327	1425335606.187197	187.8621117576211	375.7242235152421
1048576	1	10000	500	5	0.000125	1425338401.508599	1425338401.508467	189.2814610480604	378.5629220961208
131072	1	1000	500	5	0.000129	1425331745.278774	1425331745.278637	186.3455599883316	372.6911199766633
131072	1	1000	500	5	0.000126	1425334542.232069	1425334542.231936	187.8250265798215	375.6500531596431
131072	1	1000	500	5	0.000124	1425337331.422737	1425337331.422606	186.542763729996	373.085527459992
131072	1	50000	500	5	0.000123	1425333492.637924	1425333492.637794	187.021824148887	374.0436482977741
131072	1	50000	500	5	0.000124	1425336279.063713	1425336279.063582	186.6039672272929	373.2079344545859
131072	1	50000	500	5	0.000123	1425339076.943214	1425339076.943084	186.5845621440337	373.1691242880674
524288	1	5000	500	5	0.000123	1425332141.680015	1425332141.679884	187.0231602432871	374.0463204865742
524288	1	5000	500	5	0.000124	1425334937.552297	1425334937.552166	186.6123030257113	373.2246060514225
524288	1	5000	500	5	0.000123	1425337726.359627	1425337726.359497	189.4240425678097	378.8480851356193
131072	1	10000	50	5	0.000531	1425332676.644912	1425332676.644372	174.5062656174711	349.0125312349422
131072	1	10000	50	5	0.000513	1425335466.641877	1425335466.641355	175.831722070158	351.6634441403159
131072	1	10000	50	5	0.00013	1425338262.534781	1425338262.534645	174.5899486439451	349.1798972878902
1048576	1	1000	50	5	0.000131	1425331604.017907	1425331604.017768	174.5918338214549	349.1836676429098
1048576	1	1000	50	5	0.000126	1425334401.185986	1425334401.185853	175.85061984105	351.7012396821
1048576	1	1000	50	5	0.000129	1425337190.464127	1425337190.463992	174.5732056185463	349.1464112370925
131072	1	100	50	5	0.000123	1425331223.955144	1425331223.955014	174.9114599083948	349.8229198167895
131072	1	100	50	5	0.000128	1425334021.507722	1425334021.507587	174.7100158669021	349.4200317338042
131072	1	100	50	5	0.000128	1425336811.138654	1425336811.138519	176.335586049573	352.6711720991459
131072	1	50000	50	5	0.000123	1425333352.118554	1425333352.118425	174.6731569795446	349.3463139590893
131072	1	50000	50	5	0.000128	1425336140.323489	1425336140.323354	174.1080170511624	348.2160341023247
131072	1	50000	50	5	0.000525	1425338935.22878	1425338935.228245	176.022460800957	352.0449216019139
8388608	1	5000	50	5	0.000126	1425332000.394242	1425332000.394108	173.4816809977797	346.9633619955595
8388608	1	5000	50	5	0.000574	1425334798.573183	1425334798.572601	174.2477438802367	348.4954877604735
8388608	1	5000	50	5	0.000124	1425337587.108999	1425337587.108869	175.7738167047786	351.5476334095571
524288	1	500	50	5	0.000124	1425331343.553618	1425331343.553487	174.4514441120286	348.9028882240571
524288	1	500	50	5	0.000123	1425334141.61963	1425334141.6195	175.843982661119	351.6879653222381
524288	1	500	50	5	0.000124	1425336930.647724	1425336930.647593	174.6323195145225	349.2646390290451
8388608	1	10000	60	5	0.000123	1425332684.489995	1425332684.489866	175.770463484945	351.5409269698899
8388608	1	10000	60	5	0.000124	1425335474.460429	1425335474.460298	175.9225172215577	351.8450344431153
8388608	1	10000	60	5	0.000129	1425338270.577636	1425338270.577501	177.3555554596813	354.7111109193626
1048576	1	1000	60	5	0.000124	1425331611.828212	1425331611.828081	175.7802050362614	351.5604100725229
1048576	1	1000	60	5	0.000122	1425334409.03747	1425334409.037341	175.8545198866781	351.7090397733562
1048576	1	1000	60	5	0.000124	1425337198.283113	1425337198.282982	176.00840964613	352.01681929226
131072	1	100	60	5	0.000124	1425331231.993725	1425331231.993593	176.1156346063963	352.2312692127925
131072	1	100	60	5	0.000528	1425334029.550896	1425334029.550358	176.1069841058521	352.2139682117042
131072	1	100	60	5	0.00053	1425336818.946764	1425336818.946224	177.400004589064	354.8000091781279
131072	1	50000	60	5	0.000128	1425333359.9294	1425333359.929265	176.3577226771659	352.7154453543317
131072	1	50000	60	5	0.000123	1425336148.376377	1425336148.376248	175.8317408159338	351.6634816318676
131072	1	50000	60	5	0.000123	1425338943.26341	1425338943.26328	177.2736786077513	354.5473572155025
4194304	1	5000	60	5	0.000516	1425332008.216324	1425332008.215799	177.1929243548656	354.3858487097311
4194304	1	5000	60	5	0.000522	1425334806.387835	1425334806.387305	177.0139658076066	354.0279316152132
4194304	1	5000	60	5	0.000122	1425337594.946514	1425337594.946384	177.0154857169843	354.0309714339686
524288	1	500	60	5	0.000123	1425331351.381395	1425331351.381266	177.3192305511594	354.6384611023189
524288	1	500	60	5	0.000123	1425334149.671614	1425334149.671483	175.061491566939	350.1229831338781
524288	1	500	60	5	0.000123	1425336938.69274	1425336938.69261	177.1894025542722	354.3788051085445
131072	1	10000	70	5	0.000123	1425332693.655719	1425332693.655589	177.9291452193477	355.8582904386953
131072	1	10000	70	5	0.000123	1425335483.614988	1425335483.614858	179.2182472687814	358.4364945375629
131072	1	10000	70	5	0.000138	1425338279.762501	1425338279.762355	177.2327753263453	354.4655506526905
1048576	1	1000	70	5	0.000122	1425331620.793288	1425331620.793159	178.0078273683938	356.0156547367876
1048576	1	1000	70	5	0.000131	1425334418.243761	1425334418.243623	178.050736796578	356.1014735931561
1048576	1	1000	70	5	0.000122	1425337207.244339	1425337207.24421	176.9238764006067	353.8477528012133
131072	1	50000	70	5	0.000124	1425333368.855017	1425333368.854886	179.2843747494611	358.5687494989222
131072	1	50000	70	5	0.000122	1425336157.288707	1425336157.288577	179.2973220751072	358.5946441502144
131072	1	50000	70	5	0.000128	1425338952.421644	1425338952.421509	179.3349216827876	358.6698433655751
4194304	1	5000	70	5	0.000126	1425332017.418942	1425332017.418809	177.9609059974954	355.9218119949908
4194304	1	5000	70	5	0.000123	1425334815.339701	1425334815.339566	179.2237560289475	358.4475120578949
4194304	1	5000	70	5	0.000121	1425337604.160627	1425337604.160498	179.408495395592	358.8169907911839
524288	1	500	70	5	0.000123	1425331360.603409	1425331360.603279	177.8177430596481	355.6354861192961
524288	1	500	70	5	0.000122	1425334158.62147	1425334158.62134	178.9183647695066	357.8367295390132
524288	1	500	70	5	0.000123	1425336947.9034	1425336947.90327	178.7813818095323	357.5627636190646
131072	1	10000	80	5	0.000122	1425332703.731049	1425332703.73092	176.4578688666293	352.9157377332586
131072	1	10000	80	5	0.000123	1425335493.672171	1425335493.672042	176.6466061398305	353.293212279661
131072	1	10000	80	5	0.000122	1425338289.844902	1425338289.844773	177.5721449302841	355.1442898605682
1048576	1	1000	80	5	0.000124	1425331630.90093	1425331630.900798	177.4446907804377	354.8893815608754
1048576	1	1000	80	5	0.000126	1425334428.352122	1425334428.351988	176.485484487419	352.9709689748381
1048576	1	1000	80	5	0.000124	1425337217.372471	1425337217.37234	175.1608914672696	350.3217829345392
131072	1	50000	80	5	0.000123	1425333379.219132	1425333379.219002	177.831126551265	355.66225310253
131072	1	50000	80	5	0.000124	1425336167.351301	1425336167.35117	178.0080435108902	356.0160870217805
131072	1	50000	80	5	0.00013	1425338962.793772	1425338962.793635	176.1980685363977	352.3961370727953
4194304	1	5000	80	5	0.000127	1425332027.552359	1425332027.552226	176.4771280799508	352.9542561599015
4194304	1	5000	80	5	0.000124	1425334825.462128	1425334825.461998	177.8268842901839	355.6537685803678
4194304	1	5000	80	5	0.000123	1425337614.263409	1425337614.263279	176.5573964484157	353.1147928968314
524288	1	500	80	5	0.000126	1425331370.723903	1425331370.72377	177.6509728935273	355.3019457870546
524288	1	500	80	5	0.00013	1425334168.730811	1425334168.730674	176.3863209043654	352.7726418087308
524288	1	500	80	5	0.000123	1425336958.287243	1425336958.287113	177.6109404882028	355.2218809764057
131072	1	10000	90	5	0.000121	1425332714.899034	1425332714.898906	178.7624837052281	357.5249674104563
131072	1	10000	90	5	0.000124	1425335504.860321	1425335504.860189	178.7269037358233	357.4538074716465
131072	1	10000	90	5	0.000124	1425338301.039088	1425338301.038957	180.1223455644738	360.2446911289477
524288	1	1000	90	5	0.000124	1425331642.118907	1425331642.118776	177.6129249434078	355.2258498868157
524288	1	1000	90	5	0.000122	1425334439.55263	1425334439.5525	180.2522074306368	360.5044148612735
524288	1	1000	90	5	0.000122	1425337228.960752	1425337228.960616	180.1971294409004	360.3942588818009
131072	1	50000	90	5	0.000123	1425333390.755315	1425333390.755185	178.119009887728	356.238019775456
131072	1	50000	90	5	0.000122	1425336178.50605	1425336178.50592	180.2238436416287	360.4476872832574
131072	1	50000	90	5	0.000123	1425338974.303446	1425338974.303315	178.7041812956282	357.4083625912564
4194304	1	5000	90	5	0.000124	1425332038.769677	1425332038.769546	178.0133351631399	356.0266703262797
4194304	1	5000	90	5	0.000124	1425334836.709596	1425334836.709465	178.6639148023623	357.3278296047246
4194304	1	5000	90	5	0.000129	1425337625.551823	1425337625.551686	178.2365592266501	356.4731184533002
262144	1	500	90	5	0.000124	1425331382.298933	1425331382.298801	178.775983261737	357.5519665234739
262144	1	500	90	5	0.00013	1425334180.273818	1425334180.273682	180.2464288977025	360.4928577954049
262144	1	500	90	5	0.000121	1425336969.841661	1425336969.841532	178.7047621951369	357.4095243902739
524288	2	10000	1000	5	0.000124	1425333082.773256	1425333082.773126	286.2769840935827	572.5539681871654
524288	2	10000	1000	5	0.00013	1425335871.586786	1425335871.586649	285.678793638111	571.357587276222
524288	2	10000	1000	5	0.000124	1425338668.134652	1425338668.134522	286.359043244316	572.718086488632
131072	2	50000	1000	5	0.000123	1425333752.983953	1425333752.983823	285.7258012882914	571.4516025765828
131072	2	50000	1000	5	0.000124	1425336542.066945	1425336542.066815	284.8827763886885	569.7655527773769
131072	2	50000	1000	5	0.000123	1425339339.333342	1425339339.333211	284.8986322926995	569.797264585399
262144	2	5000	1000	5	0.000122	1425332406.8462	1425332406.846071	286.2850343369165	572.5700686738329
262144	2	5000	1000	5	0.000123	1425335197.8544	1425335197.854269	284.9045085787351	569.8090171574703
262144	2	5000	1000	5	0.000124	1425337994.729566	1425337994.729436	285.4022875383491	570.8045750766983
8388608	2	10000	100	5	0.000123	1425332991.154687	1425332991.154557	276.5062522635802	553.0125045271604
8388608	2	10000	100	5	0.000124	1425335779.820887	1425335779.820755	277.4322254436598	554.8644508873195
8388608	2	10000	100	5	0.000129	1425338575.358852	1425338575.358716	277.2825007908583	554.5650015817166
524288	2	1000	100	5	0.000127	1425331783.966308	1425331783.966173	277.4409060339416	554.8818120678832
524288	2	1000	100	5	0.000123	1425334581.092036	1425334581.091906	277.9322433320981	555.8644866641962
524288	2	1000	100	5	0.000129	1425337370.353262	1425337370.353126	276.8730541723661	553.7461083447322
131072	2	50000	100	5	0.000122	1425333662.595527	1425333662.595398	277.0210805335478	554.0421610670955
131072	2	50000	100	5	0.000124	1425336449.278996	1425336449.278865	275.2016817225466	550.4033634450932
131072	2	50000	100	5	0.000123	1425339247.161072	1425339247.160942	276.386840901904	552.7736818038079
4194304	2	5000	100	5	0.000123	1425332315.8275	1425332315.827369	276.7469172496455	553.493834499291
4194304	2	5000	100	5	0.000123	1425335107.352503	1425335107.352372	277.6032771170971	555.2065542341942
4194304	2	5000	100	5	0.000128	1425337900.725738	1425337900.725603	277.2314634529841	554.4629269059682
262144	2	500	100	5	0.000129	1425331459.468857	1425331459.46872	276.6118483151636	553.2236966303273
262144	2	500	100	5	0.000124	1425334257.353668	1425334257.353537	276.9228436831784	553.8456873663569
262144	2	500	100	5	0.000122	1425337046.55734	1425337046.55721	276.5902773510805	553.1805547021611
4194304	2	10000	200	5	0.000122	1425333002.044083	1425333002.043954	277.579659161534	555.159318323068
4194304	2	10000	200	5	0.000124	1425335790.737918	1425335790.737787	277.4559583449517	554.9119166899035
4194304	2	10000	200	5	0.000124	1425338586.248292	1425338586.248161	278.3074901450576	556.6149802901151
262144	2	1000	200	5	0.000123	1425331794.860348	1425331794.860217	278.3702002917603	556.7404005835206
262144	2	1000	200	5	0.000123	1425334592.003632	1425334592.003502	278.527522705896	557.0550454117921
262144	2	1000	200	5	0.000123	1425337381.24821	1425337381.24808	278.268539531051	556.537079062102
131072	2	50000	200	5	0.000122	1425333673.479916	1425333673.479786	277.7016467131914	555.4032934263828
131072	2	50000	200	5	0.000123	1425336460.17036	1425336460.170231	277.5608097308585	555.121619461717
131072	2	50000	200	5	0.000124	1425339258.512555	1425339258.512424	277.7934885025788	555.5869770051577
2097152	2	5000	200	5	0.00013	1425332327.241807	1425332327.24167	277.6372744049926	555.2745488099853
2097152	2	5000	200	5	0.000123	1425335118.236748	1425335118.236612	278.6711790329971	557.3423580659943
2097152	2	5000	200	5	0.000124	1425337911.639214	1425337911.639083	277.7684347177819	555.5368694355639
131072	2	500	200	5	0.000123	1425331470.842172	1425331470.842042	278.4612860029287	556.9225720058574
131072	2	500	200	5	0.000125	1425334268.257996	1425334268.257863	278.4813864645041	556.9627729290082
131072	2	500	200	5	0.000123	1425337057.495083	1425337057.494953	276.7968007653055	553.593601530611
33554432	2	10000	20	5	0.000514	1425332955.609187	1425332955.608664	272.021006325071	544.0420126501419
33554432	2	10000	20	5	0.000515	1425335744.884108	1425335744.883584	273.9772068763939	547.9544137527878
33554432	2	10000	20	5	0.000561	1425338540.106584	1425338540.106013	273.5933859967453	547.1867719934905
2097152	2	1000	20	5	0.000527	1425331748.668075	1425331748.667539	272.6239881221998	545.2479762443995
2097152	2	1000	20	5	0.000504	1425334545.653346	1425334545.652833	273.1604108607133	546.3208217214266
2097152	2	1000	20	5	0.000568	1425337334.881834	1425337334.881257	277.1868736010971	554.3737472021943
262144	2	100	20	5	0.000531	1425331241.909095	1425331241.908555	273.5681991903761	547.1363983807522
262144	2	100	20	5	0.000534	1425334039.569616	1425334039.569072	277.841784176705	555.68356835341
262144	2	100	20	5	0.0005240000000000001	1425336828.909011	1425336828.908477	279.0872402449952	558.1744804899904
131072	2	50000	20	5	0.000509	1425333627.624551	1425333627.624033	273.7623254677191	547.5246509354381
131072	2	50000	20	5	0.000523	1425336414.253018	1425336414.252485	279.4113561983177	558.8227123966354
131072	2	50000	20	5	0.000528	1425339212.152009	1425339212.15147	273.2113179047809	546.4226358095617
16777216	2	5000	20	5	0.000512	1425332280.540219	1425332280.539697	280.2181646161728	560.4363292323455
16777216	2	5000	20	5	0.00055	1425335072.578079	1425335072.577519	273.2602065213933	546.5204130427867
16777216	2	5000	20	5	0.000552	1425337865.033038	1425337865.032476	274.1486714778689	548.2973429557378
1048576	2	500	20	5	0.000532	1425331424.11015	1425331424.109609	278.995178287579	557.990356575158
1048576	2	500	20	5	0.000527	1425334221.73064	1425334221.730105	274.2375622361785	548.475124472357
1048576	2	500	20	5	0.000531	1425337011.387038	1425337011.386497	272.8621379002618	545.7242758005236
16777216	2	10000	30	5	0.000508	1425332958.349776	1425332958.349258	269.1582932132191	538.3165864264382
16777216	2	10000	30	5	0.000514	1425335747.548115	1425335747.547593	270.6028331844083	541.2056663688167
16777216	2	10000	30	5	0.000539	1425338542.864348	1425338542.863799	270.1918791204542	540.3837582409085
2097152	2	1000	30	5	0.000516	1425331751.425927	1425331751.425401	276.4124567664819	552.8249135329638
2097152	2	1000	30	5	0.000505	1425334548.377607	1425334548.377093	270.2534204969301	540.5068409938601
2097152	2	1000	30	5	0.000549	1425337337.646805	1425337337.646246	269.9897426532627	539.9794853065254
262144	2	100	30	5	0.000505	1425331244.650362	1425331244.649847	270.0679959363732	540.1359918727464
262144	2	100	30	5	0.000544	1425334042.234892	1425334042.234339	270.9629440079912	541.9258880159824
262144	2	100	30	5	0.000532	1425336831.670262	1425336831.66972	271.9319771910965	543.8639543821929
131072	2	50000	30	5	0.000166	1425333630.389356	1425333630.389182	270.1719616585115	540.343923317023
131072	2	50000	30	5	0.000508	1425336416.945352	1425336416.944834	270.3739279279338	540.7478558558677
131072	2	50000	30	5	0.000538	1425339214.909601	1425339214.909053	269.4885844035693	538.9771688071386
8388608	2	5000	30	5	0.000511	1425332283.263011	1425332283.26249	269.5528896097592	539.1057792195184
8388608	2	5000	30	5	0.000547	1425335075.230946	1425335075.23039	276.1717716943882	552.3435433887764
8388608	2	5000	30	5	0.000525	1425337867.738286	1425337867.737751	269.8510319701167	539.7020639402334
1048576	2	500	30	5	0.000522	1425331426.783718	1425331426.783186	270.4524041048313	540.9048082096625
1048576	2	500	30	5	0.000548	1425334224.415918	1425334224.415361	270.1400998265422	540.2801996530843
1048576	2	500	30	5	0.000521	1425337014.0676	1425337014.06707	269.5938671479012	539.1877342958023
16777216	2	10000	40	5	0.000507	1425332961.52333	1425332961.522815	269.7761036047056	539.5522072094111
16777216	2	10000	40	5	0.000124	1425335750.729627	1425335750.729497	264.7451184661078	529.4902369322157
16777216	2	10000	40	5	0.0005730000000000001	1425338546.139785	1425338546.139202	270.9371264399312	541.8742528798624
2097152	2	1000	40	5	0.000517	1425331754.584102	1425331754.583575	270.7943284706624	541.5886569413249
2097152	2	1000	40	5	0.000506	1425334551.637694	1425334551.63718	270.8376857665771	541.6753715331542
2097152	2	1000	40	5	0.000544	1425337340.935009	1425337340.934456	271.0256165862472	542.0512331724944
131072	2	100	40	5	0.000499	1425331247.905503	1425331247.904994	271.5701821257089	543.1403642514179
131072	2	100	40	5	0.000505	1425334045.395648	1425334045.395133	270.6043871597792	541.2087743195584
131072	2	100	40	5	0.000123	1425336834.808166	1425336834.808036	271.6181496258033	543.2362992516066
131072	2	50000	40	5	0.000506	1425333633.559501	1425333633.558986	272.0169684780323	544.0339369560646
131072	2	50000	40	5	0.000128	1425336420.117696	1425336420.11756	270.0995090053098	540.1990180106196
131072	2	50000	40	5	0.000527	1425339218.07822	1425339218.077684	264.5034214944346	529.0068429888692
8388608	2	5000	40	5	0.000511	1425332286.410812	1425332286.410291	263.8458522469255	527.6917044938509
8388608	2	5000	40	5	0.000543	1425335078.475988	1425335078.475436	270.9137613313194	541.8275226626389
8388608	2	5000	40	5	0.00054	1425337870.918735	1425337870.918185	265.3975738587965	530.795147717593
1048576	2	500	40	5	0.000128	1425331430.041234	1425331430.041099	265.5132544592232	531.0265089184464
1048576	2	500	40	5	0.000527	1425334227.664118	1425334227.663582	269.3115733620727	538.6231467241454
1048576	2	500	40	5	0.000515	1425337017.224322	1425337017.223797	270.4090592289181	540.8181184578361
1048576	2	10000	500	5	0.000124	1425333029.514722	1425333029.514592	282.3710172049576	564.7420344099153
1048576	2	10000	500	5	0.000123	1425335818.229512	1425335818.229382	282.3688417088088	564.7376834176176
1048576	2	10000	500	5	0.000123	1425338612.579093	1425338612.578962	283.1147629220245	566.229525844049
131072	2	1000	500	5	0.000125	1425331822.349095	1425331822.348963	282.9617273479116	565.9234546958231
131072	2	1000	500	5	0.000132	1425334619.551853	1425334619.551715	281.8749161757216	563.7498323514432
131072	2	1000	500	5	0.000123	1425337408.768205	1425337408.768075	282.3396352934627	564.6792705869253
131072	2	50000	500	5	0.000123	1425333699.791421	1425333699.791291	282.9416884772643	565.8833769545287
131072	2	50000	500	5	0.000126	1425336486.488538	1425336486.488405	282.9506007640383	565.9012015280766
131072	2	50000	500	5	0.000122	1425339286.016949	1425339286.016819	282.3712782667482	564.7425565334964
524288	2	5000	500	5	0.000131	1425332353.591846	1425332353.591709	282.3624894519016	564.7249789038032
524288	2	5000	500	5	0.000128	1425335144.563788	1425335144.563653	283.0076701798886	566.0153403597772
524288	2	5000	500	5	0.000123	1425337939.175044	1425337939.174914	282.4492993522975	564.8985987045951
16777216	2	10000	50	5	0.000508	1425332965.138592	1425332965.138074	270.5003989871903	541.0007979743806
16777216	2	10000	50	5	0.000506	1425335754.31333	1425335754.312815	270.7529852142608	541.5059704285216
16777216	2	10000	50	5	0.000149	1425338549.892259	1425338549.892102	269.8831789511511	539.7663579023022
1048576	2	1000	50	5	0.000124	1425331758.321994	1425331758.321864	271.8207390914386	543.6414781828772
1048576	2	1000	50	5	0.000515	1425334555.236652	1425334555.236128	271.5798413506379	543.1596827012758
1048576	2	1000	50	5	0.000536	1425337344.683608	1425337344.683062	271.5259194681655	543.051838936331
131072	2	100	50	5	0.000499	1425331251.507663	1425331251.507155	271.7328706985352	543.4657413970704
131072	2	100	50	5	0.000124	1425334049.008742	1425334049.00861	270.8524971316297	541.7049942632594
131072	2	100	50	5	0.00052	1425336838.413217	1425336838.412687	271.4706784586653	542.9413569173306
131072	2	50000	50	5	0.000496	1425333637.166507	1425333637.166003	271.0351702994938	542.0703405989875
131072	2	50000	50	5	0.000509	1425336423.735374	1425336423.734855	271.4403858970004	542.8807717940008
131072	2	50000	50	5	0.000519	1425339221.681141	1425339221.680612	270.8658420909489	541.7316841818978
8388608	2	5000	50	5	0.000124	1425332290.046897	1425332290.046765	270.7249856639156	541.4499713278311
8388608	2	5000	50	5	0.000528	1425335082.07875	1425335082.078204	271.1808977647729	542.3617955295457
8388608	2	5000	50	5	0.000537	1425337874.647814	1425337874.647267	271.6574083677997	543.3148167355995
524288	2	500	50	5	0.000511	1425331433.786299	1425331433.785778	271.5347708453521	543.0695416907041
524288	2	500	50	5	0.00055	1425334231.290203	1425334231.289643	270.9801287717472	541.9602575434944
524288	2	500	50	5	0.000123	1425337020.823951	1425337020.823821	271.3289246100999	542.6578492201999
8388608	2	10000	60	5	0.000519	1425332969.374086	1425332969.373558	272.4789567952155	544.957913590431
8388608	2	10000	60	5	0.000511	1425335758.40331	1425335758.40279	271.879977063579	543.7599541271579
8388608	2	10000	60	5	0.000124	1425338553.996737	1425338553.996607	271.6433141803969	543.2866283607939
1048576	2	1000	60	5	0.000514	1425331762.418155	1425331762.417631	272.6841628538409	545.3683257076817
1048576	2	1000	60	5	0.000518	1425334559.339155	1425334559.338628	272.4659025417492	544.9318050834984
1048576	2	1000	60	5	0.000539	1425337348.943232	1425337348.942683	273.0193278695282	546.0386557390564
131072	2	100	60	5	0.000518	1425331255.598108	1425331255.597581	273.4806487295327	546.9612974590653
131072	2	100	60	5	0.00052	1425334053.248	1425334053.247471	271.6321293582764	543.2642587165528
131072	2	100	60	5	0.000511	1425336842.496639	1425336842.49612	272.4782815445312	544.9565630890623
131072	2	50000	60	5	0.000123	1425333641.40923	1425333641.409099	272.755189680313	545.510379360626
131072	2	50000	60	5	0.000512	1425336427.860681	1425336427.86016	271.9391511835432	543.8783023670863
131072	2	50000	60	5	0.000537	1425339225.943595	1425339225.943048	272.7682716695293	545.5365433390585
4194304	2	5000	60	5	0.000513	1425332294.128039	1425332294.127517	271.9965567527987	543.9931135055974
4194304	2	5000	60	5	0.00053	1425335086.171615	1425335086.171076	272.4735548834493	544.9471097668986
4194304	2	5000	60	5	0.000527	1425337878.921315	1425337878.920778	270.9498120438936	541.8996240877873
524288	2	500	60	5	0.000511	1425331437.893333	1425331437.892813	272.4998912265629	544.9997824531257
524288	2	500	60	5	0.000521	1425334235.554621	1425334235.554091	272.5604616190838	545.1209232381675
524288	2	500	60	5	0.000523	1425337024.945212	1425337024.944679	272.6359308063359	545.2718616126718
8388608	2	10000	70	5	0.000514	1425332974.147101	1425332974.146577	268.9947985603434	537.9895971206869
8388608	2	10000	70	5	0.000523	1425335763.005763	1425335763.00523	270.1155763925028	540.2311527850055
8388608	2	10000	70	5	0.000554	1425338558.600826	1425338558.600262	269.9088843825178	539.8177687650357
1048576	2	1000	70	5	0.000508	1425331766.991667	1425331766.991151	270.2284337215116	540.4568674430232
1048576	2	1000	70	5	0.000534	1425334564.083034	1425334564.08249	269.9690974127577	539.9381948255154
1048576	2	1000	70	5	0.000558	1425337353.552189	1425337353.551623	269.4024936901013	538.8049873802026
131072	2	50000	70	5	0.000497	1425333645.983157	1425333645.98265	269.0053284766906	538.0106569533813
131072	2	50000	70	5	0.000516	1425336432.468802	1425336432.468276	268.4715992886877	536.9431985773754
131072	2	50000	70	5	0.000124	1425339230.547585	1425339230.547453	268.7806186108137	537.5612372216274
4194304	2	5000	70	5	0.000515	1425332298.87312	1425332298.872596	269.4847471961838	538.9694943923676
4194304	2	5000	70	5	0.000129	1425335090.760982	1425335090.760846	268.189079731859	536.378159463718
4194304	2	5000	70	5	0.000541	1425337883.67948	1425337883.678929	269.5585539651463	539.1171079302926
524288	2	500	70	5	0.000529	1425331442.661041	1425331442.660502	269.4396524726292	538.8793049452584
524288	2	500	70	5	0.000129	1425334240.337537	1425334240.337401	267.8780618464788	535.7561236929575
524288	2	500	70	5	0.000519	1425337029.514149	1425337029.51362	269.8390482031605	539.6780964063211
8388608	2	10000	80	5	0.000511	1425332979.414679	1425332979.414159	272.775997399042	545.551994798084
8388608	2	10000	80	5	0.000523	1425335768.062272	1425335768.061739	272.9678146609103	545.9356293218206
8388608	2	10000	80	5	0.000556	1425338563.819235	1425338563.818669	272.6370011923249	545.2740023846497
1048576	2	1000	80	5	0.000126	1425331772.231823	1425331772.231689	272.0733409364594	544.1466818729187
1048576	2	1000	80	5	0.000513	1425334569.315193	1425334569.31467	272.5265141144067	545.0530282288133
1048576	2	1000	80	5	0.000553	1425337358.817031	1425337358.816468	272.6349730996806	545.2699461993612
131072	2	50000	80	5	0.000122	1425333651.036654	1425333651.036525	273.1144411368843	546.2288822737686
131072	2	50000	80	5	0.000505	1425336437.720495	1425336437.719981	272.582591162294	545.165182324588
131072	2	50000	80	5	0.000539	1425339235.61272	1425339235.61217	271.9421217756063	543.8842435512125
4194304	2	5000	80	5	0.000505	1425332304.107308	1425332304.106794	273.5681991903761	547.1363983807522
4194304	2	5000	80	5	0.000552	1425335095.828816	1425335095.828254	272.6931237233688	545.3862474467377
4194304	2	5000	80	5	0.000516	1425337888.935357	1425337888.934832	272.9215710078196	545.8431420156392
524288	2	500	80	5	0.000514	1425331447.921362	1425331447.920839	272.727112751067	545.4542255021339
524288	2	500	80	5	0.000528	1425334245.374254	1425334245.373716	273.4312845541557	546.8625691083114
524288	2	500	80	5	0.000125	1425337034.570753	1425337034.570615	271.9774375583388	543.9548751166776
8388608	2	10000	90	5	0.000523	1425332985.162128	1425332985.161596	275.7314489626779	551.4628979253557
8388608	2	10000	90	5	0.000522	1425335773.805215	1425335773.804684	275.3902858703221	550.7805717406442
8388608	2	10000	90	5	0.000553	1425338569.326546	1425338569.325984	276.126458748307	552.2529174966139
524288	2	1000	90	5	0.000146	1425331777.957106	1425331777.956952	274.1269513899423	548.2539027798847
524288	2	1000	90	5	0.000129	1425334574.860305	1425334574.860169	275.7611084942608	551.5222169885216
524288	2	1000	90	5	0.000549	1425337364.336028	1425337364.335469	276.7652924802193	553.5305849604385
131072	2	50000	90	5	0.000555	1425333656.57293	1425333656.572366	277.0864398061662	554.1728796123324
131072	2	50000	90	5	0.000517	1425336443.25624	1425336443.255713	276.7600288960649	553.5200577921297
131072	2	50000	90	5	0.000123	1425339241.147066	1425339241.146936	276.2351422763846	552.4702845527693
4194304	2	5000	90	5	0.000147	1425332309.830299	1425332309.830144	276.355950686924	552.7119013738479
4194304	2	5000	90	5	0.00013	1425335101.342823	1425335101.342686	276.8125188815164	553.6250377630328
4194304	2	5000	90	5	0.000545	1425337894.44738	1425337894.446825	276.3579573377422	552.7159146754843
262144	2	500	90	5	0.000127	1425331453.437884	1425331453.437749	276.3145893002562	552.6291786005123
262144	2	500	90	5	0.000122	1425334251.089248	1425334251.089118	277.7041639323762	555.4083278647524
262144	2	500	90	5	0.000124	1425337040.318536	1425337040.318404	274.433781607432	548.867563214864
524288	4	10000	1000	5	0.000133	1425333168.56886	1425333168.56872	357.0274857848063	714.0549715696127
524288	4	10000	1000	5	0.000123	1425335957.570296	1425335957.570166	355.9437140862418	711.8874281724835
524288	4	10000	1000	5	0.000125	1425338753.86213	1425338753.861998	356.1810601844711	712.3621203689421
131072	4	50000	1000	5	0.000123	1425333838.974591	1425333838.97446	356.3187653191144	712.6375306382288
131072	4	50000	1000	5	0.000122	1425336628.844339	1425336628.844209	356.7957953434471	713.5915906868942
131072	4	50000	1000	5	0.000124	1425339426.115302	1425339426.115171	356.3673857625297	712.7347715250594
262144	4	5000	1000	5	0.000123	1425332493.953059	1425332493.952928	357.0399141320781	714.0798282641562
262144	4	5000	1000	5	0.000127	1425335284.83048	1425335284.830346	356.9976241892149	713.9952483784298
262144	4	5000	1000	5	0.000124	1425338081.289605	1425338081.289474	356.7007176619263	713.4014353238526
8388608	4	10000	100	5	0.000126	1425333110.792392	1425333110.792259	347.9986972028734	695.9973944057467
8388608	4	10000	100	5	0.000147	1425335900.118134	1425335900.117979	348.3475377922192	696.6950755844383
8388608	4	10000	100	5	0.000536	1425338696.421924	1425338696.421378	348.211402393845	696.42280478769
524288	4	1000	100	5	0.000126	1425331852.009869	1425331852.009735	348.5151502723112	697.0303005446225
524288	4	1000	100	5	0.0005240000000000001	1425334648.795986	1425334648.795452	348.5412230912855	697.0824461825709
524288	4	1000	100	5	0.00056	1425337438.186116	1425337438.185546	348.7694161404783	697.5388322809565
131072	4	50000	100	5	0.000126	1425333781.575572	1425333781.575439	347.4949741841935	694.989948368387
131072	4	50000	100	5	0.00013	1425336570.185829	1425336570.185692	347.7061841953636	695.4123683907272
131072	4	50000	100	5	0.000535	1425339367.442667	1425339367.442122	347.8740604101675	695.748120820335
4194304	4	5000	100	5	0.00052	1425332435.337519	1425332435.33699	348.0634731194642	696.1269462389283
4194304	4	5000	100	5	0.000519	1425335226.158269	1425335226.157744	348.0050855922038	696.0101711844076
4194304	4	5000	100	5	0.000523	1425338022.918295	1425338022.917762	347.93768888782	695.87537777564
262144	4	500	100	5	0.000124	1425331501.493123	1425331501.492992	347.5318789647295	695.0637579294589
262144	4	500	100	5	0.000522	1425334298.696958	1425334298.696428	347.6958484941245	695.391696988249
262144	4	500	100	5	0.000531	1425337088.072217	1425337088.071677	348.2078735557998	696.4157471115996
4194304	4	10000	200	5	0.000123	1425333118.551603	1425333118.551472	353.5834646812605	707.1669293625209
4194304	4	10000	200	5	0.000131	1425335907.533957	1425335907.533818	355.2626549959515	710.525309991903
4194304	4	10000	200	5	0.000124	1425338703.82759	1425338703.82746	354.948984984477	709.897969968954
262144	4	1000	200	5	0.000128	1425331859.776667	1425331859.776532	355.3492267967004	710.6984535934008
262144	4	1000	200	5	0.000123	1425334656.555529	1425334656.555399	355.820139037312	711.640278074624
262144	4	1000	200	5	0.000124	1425337445.948658	1425337445.948526	356.2968038541218	712.5936077082436
131072	4	50000	200	5	0.00013	1425333788.978801	1425333788.978664	354.2946462201559	708.5892924403119
131072	4	50000	200	5	0.000122	1425336577.957268	1425336577.957139	354.7827983551417	709.5655967102834
131072	4	50000	200	5	0.000124	1425339375.206517	1425339375.206386	354.2137223992467	708.4274447984934
2097152	4	5000	200	5	0.000124	1425332443.086603	1425332443.086472	354.7136665991337	709.4273331982673
2097152	4	5000	200	5	0.000123	1425335233.93699	1425335233.93686	355.0191255533897	710.0382511067794
2097152	4	5000	200	5	0.000154	1425338030.324855	1425338030.324695	353.5263933924221	707.0527867848442
131072	4	500	200	5	0.000127	1425331508.905136	1425331508.905002	355.1635052041644	710.3270104083288
131072	4	500	200	5	0.000123	1425334306.103027	1425334306.102897	355.934519027647	711.869038055294
131072	4	500	200	5	0.00013	1425337095.517858	1425337095.517721	355.5743500774365	711.1487001548729
33554432	4	10000	20	5	0.000124	1425333084.662526	1425333084.662394	364.661121723557	729.322243447114
33554432	4	10000	20	5	0.000124	1425335873.457986	1425335873.457855	363.029681869839	726.059363739678
33554432	4	10000	20	5	0.000124	1425338669.967714	1425338669.967582	365.3117419407999	730.6234838815998
2097152	4	1000	20	5	0.00013	1425331825.338785	1425331825.338649	364.6151693481102	729.2303386962203
2097152	4	1000	20	5	0.000123	1425334622.639921	1425334622.63979	364.8329410553001	729.6658821106001
2097152	4	1000	20	5	0.000125	1425337411.802406	1425337411.802273	364.2503802395845	728.500760479169
262144	4	100	20	5	0.000123	1425331265.228622	1425331265.228491	364.246760168158	728.493520336316
262144	4	100	20	5	0.000123	1425334062.863416	1425334062.863286	366.6908882783553	733.3817765567106
262144	4	100	20	5	0.000122	1425336852.090306	1425336852.090177	363.8116695705116	727.6233391410232
131072	4	50000	20	5	0.000123	1425333754.844196	1425333754.844065	363.8658485235377	727.7316970470754
131072	4	50000	20	5	0.000123	1425336543.926227	1425336543.926096	363.3680099990416	726.7360199980832
131072	4	50000	20	5	0.000124	1425339341.205606	1425339341.205476	364.6260517587756	729.2521035175513
16777216	4	5000	20	5	0.00013	1425332408.709842	1425332408.709704	364.6961984350901	729.3923968701802
16777216	4	5000	20	5	0.000124	1425335199.698421	1425335199.69829	363.2707661069812	726.5415322139625
16777216	4	5000	20	5	0.000123	1425337996.570258	1425337996.570128	366.6762137457939	733.3524274915877
1048576	4	500	20	5	0.000125	1425331474.92695	1425331474.926818	364.6453998706592	729.2907997413184
1048576	4	500	20	5	0.000123	1425334272.348477	1425334272.348346	364.3372835458474	728.6745670916947
1048576	4	500	20	5	0.000123	1425337061.566668	1425337061.566538	363.5638562081303	727.1277124162606
16777216	4	10000	30	5	0.000515	1425333086.8811	1425333086.880576	363.940370937542	727.880741875084
16777216	4	10000	30	5	0.00052	1425335875.688256	1425335875.687727	358.9106720204017	717.8213440408034
16777216	4	10000	30	5	0.000523	1425338672.188449	1425338672.187917	359.6370558894442	719.2741117788885
2097152	4	1000	30	5	0.000521	1425331827.639099	1425331827.638569	359.5356260725154	719.0712521450307
2097152	4	1000	30	5	0.000528	1425334624.854996	1425334624.854459	363.53951413714	727.0790282742801
2097152	4	1000	30	5	0.000525	1425337414.00829	1425337414.007755	359.5664899596738	719.1329799193477
262144	4	100	30	5	0.000539	1425331267.438252	1425331267.437704	363.9117627651374	727.8235255302749
262144	4	100	30	5	0.000517	1425334065.103018	1425334065.102492	358.6925973419675	717.385194683935
262144	4	100	30	5	0.000122	1425336854.380726	1425336854.380597	359.0769673179732	718.1539346359465
131072	4	50000	30	5	0.000503	1425333757.072711	1425333757.072199	358.9355698779689	717.8711397559379
131072	4	50000	30	5	0.000526	1425336546.149999	1425336546.149463	359.8224233026326	719.6448466052651
131072	4	50000	30	5	0.000544	1425339343.443261	1425339343.442707	359.3689057752538	718.7378115505076
8388608	4	5000	30	5	0.000513	1425332410.930801	1425332410.930279	363.1118064665912	726.2236129331825
8388608	4	5000	30	5	0.000519	1425335201.924222	1425335201.923694	359.3233967143254	718.6467934286508
8388608	4	5000	30	5	0.000514	1425337998.806332	1425337998.805808	358.7876979953214	717.5753959906428
1048576	4	500	30	5	0.000517	1425331477.136972	1425331477.136447	362.5438397754527	725.0876795509054
1048576	4	500	30	5	0.00054	1425334274.565055	1425334274.564506	359.2522201727218	718.5044403454436
1048576	4	500	30	5	0.000526	1425337063.800476	1425337063.799941	359.529747837592	719.0594956751841
16777216	4	10000	40	5	0.000512	1425333089.316916	1425333089.316394	365.655555037646	731.311110075292
16777216	4	10000	40	5	0.000525	1425335878.188208	1425335878.187674	361.8546468049676	723.7092936099351
16777216	4	10000	40	5	0.0005730000000000001	1425338674.656627	1425338674.656044	361.1290715767001	722.2581431534003
2097152	4	1000	40	5	0.000526	1425331830.15228	1425331830.151745	361.904670734746	723.809341469492
2097152	4	1000	40	5	0.000523	1425334627.360242	1425334627.35971	365.3093144670262	730.6186289340524
2097152	4	1000	40	5	0.0005330000000000001	1425337416.522274	1425337416.521731	361.4157446009266	722.8314892018533
131072	4	100	40	5	0.000128	1425331269.871662	1425331269.871527	360.9056281237537	721.8112562475075
131072	4	100	40	5	0.000505	1425334067.547837	1425334067.547322	361.12729242002	722.2545848400399
131072	4	100	40	5	0.000514	1425336856.813715	1425336856.813191	361.0650329785662	722.1300659571324
131072	4	50000	40	5	0.000504	1425333759.611033	1425333759.61052	360.5015255253365	721.003051050673
131072	4	50000	40	5	0.000527	1425336548.666078	1425336548.665541	359.744280887458	719.4885617749161
131072	4	50000	40	5	0.000556	1425339345.952996	1425339345.952431	361.2441609420176	722.4883218840351
8388608	4	5000	40	5	0.000506	1425332413.374323	1425332413.373808	364.610332929652	729.2206658593041
8388608	4	5000	40	5	0.0005240000000000001	1425335204.376743	1425335204.37621	360.2587898040796	720.5175796081593
8388608	4	5000	40	5	0.000541	1425338001.242882	1425338001.242332	365.4768858760218	730.9537717520435
1048576	4	500	40	5	0.000512	1425331479.647129	1425331479.646607	361.1296646328225	722.2593292656451
1048576	4	500	40	5	0.000516	1425334277.103951	1425334277.103426	361.6701543129409	723.3403086258818
1048576	4	500	40	5	0.0005240000000000001	1425337066.320104	1425337066.31957	361.4204966400905	722.840993280181
1048576	4	10000	500	5	0.000124	1425333135.528044	1425333135.527912	351.4902735169601	702.9805470339202
1048576	4	10000	500	5	0.000124	1425335924.511483	1425335924.511352	351.4120856404729	702.8241712809457
1048576	4	10000	500	5	0.000123	1425338720.810634	1425338720.810504	351.3099994951669	702.6199989903339
131072	4	1000	500	5	0.000125	1425331876.778933	1425331876.778801	351.9885261520708	703.9770523041416
131072	4	1000	500	5	0.000123	1425334674.42524	1425334674.42511	351.9439094649152	703.8878189298305
131072	4	1000	500	5	0.000123	1425337462.951416	1425337462.951286	351.6489130168912	703.2978260337825
131072	4	50000	500	5	0.000123	1425333805.948722	1425333805.948592	351.4731500931434	702.9463001862869
131072	4	50000	500	5	0.000124	1425336595.828228	1425336595.828097	351.1157371813295	702.231474362659
131072	4	50000	500	5	0.000125	1425339393.073529	1425339393.073398	350.7603484456967	701.5206968913934
524288	4	5000	500	5	0.000124	1425332460.936313	1425332460.936181	351.5974564042951	703.1949128085903
524288	4	5000	500	5	0.000125	1425335251.811214	1425335251.811082	351.083762168061	702.1675243361219
524288	4	5000	500	5	0.000129	1425338048.219843	1425338048.219706	351.2662728573048	702.5325457146096
16777216	4	10000	50	5	0.000511	1425333092.213221	1425333092.2127	360.1663337072159	720.3326674144319
16777216	4	10000	50	5	0.000514	1425335881.094575	1425335881.094051	360.4897059969508	720.9794119939016
16777216	4	10000	50	5	0.000534	1425338677.556724	1425338677.55618	364.3788000771909	728.7576001543817
1048576	4	1000	50	5	0.000511	1425331833.047758	1425331833.047232	360.9498754065772	721.8997508131545
1048576	4	1000	50	5	0.000127	1425334630.188981	1425334630.188847	361.3975143792136	722.7950287584273
1048576	4	1000	50	5	0.000552	1425337419.382192	1425337419.381632	360.5947451150001	721.1894902300002
131072	4	100	50	5	0.000525	1425331272.683939	1425331272.683405	360.3202264997869	720.6404529995739
131072	4	100	50	5	0.000123	1425334070.356129	1425334070.356	360.6215831024961	721.2431662049921
131072	4	100	50	5	0.00013	1425336859.628496	1425336859.628359	358.6517026858886	717.3034053717771
131072	4	50000	50	5	0.0005	1425333762.495065	1425333762.494557	360.7512805061847	721.5025610123694
131072	4	50000	50	5	0.000516	1425336551.519699	1425336551.519174	359.2127775984881	718.4255551969762
131072	4	50000	50	5	0.000562	1425339348.765082	1425339348.76451	359.7267168181	719.4534336362
8388608	4	5000	50	5	0.000517	1425332416.180384	1425332416.179858	360.8004533739224	721.6009067478449
8388608	4	5000	50	5	0.00052	1425335207.177324	1425335207.176795	360.5870128768578	721.1740257537157
8388608	4	5000	50	5	0.00053	1425338004.090612	1425338004.090073	360.9535213925358	721.9070427850717
524288	4	500	50	5	0.000515	1425331482.559605	1425331482.55908	360.8619383128649	721.7238766257298
524288	4	500	50	5	0.000125	1425334280.012961	1425334280.01283	360.3088729823004	720.6177459646009
524288	4	500	50	5	0.000526	1425337069.227189	1425337069.226653	358.0390075431496	716.0780150862993
8388608	4	10000	60	5	0.000512	1425333095.378086	1425333095.377565	361.6691629262602	723.3383258525204
8388608	4	10000	60	5	0.000508	1425335884.155355	1425335884.154837	360.758594880421	721.517189760842
8388608	4	10000	60	5	0.000124	1425338680.610667	1425338680.610536	361.1298623186295	722.2597246372591
1048576	4	1000	60	5	0.00053	1425331836.088928	1425331836.088389	361.282144661164	722.5642893223279
1048576	4	1000	60	5	0.000515	1425334633.337402	1425334633.336878	361.4713908943268	722.9427817886535
1048576	4	1000	60	5	0.0005509999999999999	1425337422.577197	1425337422.576638	361.5779785969147	723.1559571938294
131072	4	100	60	5	0.00051	1425331275.842389	1425331275.841869	361.4313872011799	722.8627744023597
131072	4	100	60	5	0.00013	1425334073.416857	1425334073.416719	358.0289332650244	716.0578665300487
131072	4	100	60	5	0.000518	1425336862.821988	1425336862.82146	362.0490633393117	724.0981266786233
131072	4	50000	60	5	0.0005	1425333765.669415	1425333765.668906	362.4679961592095	724.935992318419
131072	4	50000	60	5	0.000514	1425336554.592011	1425336554.591488	361.1527953410304	722.3055906820608
131072	4	50000	60	5	0.000123	1425339351.932706	1425339351.932576	361.5660883783793	723.1321767567586
4194304	4	5000	60	5	0.000508	1425332419.382596	1425332419.382079	362.0391289341773	724.0782578683546
4194304	4	5000	60	5	0.000129	1425335210.264387	1425335210.26425	360.5980806926559	721.1961613853117
4194304	4	5000	60	5	0.000124	1425338007.151635	1425338007.151503	361.5498396776612	723.0996793553225
524288	4	500	60	5	0.000518	1425331485.706146	1425331485.705619	363.159179878651	726.318359757302
524288	4	500	60	5	0.000526	1425334283.081964	1425334283.081428	361.6810599251536	723.3621198503072
524288	4	500	60	5	0.000125	1425337072.298935	1425337072.298802	361.8989133084353	723.7978266168707
8388608	4	10000	70	5	0.000506	1425333098.825582	1425333098.825067	363.7956196457483	727.5912392914967
8388608	4	10000	70	5	0.000518	1425335887.58859	1425335887.588063	363.9976844608418	727.9953689216836
8388608	4	10000	70	5	0.000528	1425338684.056212	1425338684.055674	363.8491249028937	727.6982498057874
1048576	4	1000	70	5	0.00052	1425331839.665381	1425331839.664853	364.0033749634318	728.0067499268636
1048576	4	1000	70	5	0.000517	1425334636.78151	1425334636.780984	364.042543837278	728.085087674556
1048576	4	1000	70	5	0.000553	1425337426.016431	1425337426.015868	363.1811050925376	726.3622101850752
131072	4	50000	70	5	0.000506	1425333769.225092	1425333769.224577	364.2643248908194	728.5286497816388
131072	4	50000	70	5	0.000512	1425336558.032228	1425336558.031707	364.280080949684	728.560161899368
131072	4	50000	70	5	0.000535	1425339355.391469	1425339355.390925	363.4732494335288	726.9464988670576
4194304	4	5000	70	5	0.000516	1425332422.950105	1425332422.949579	364.2281246428427	728.4562492856853
4194304	4	5000	70	5	0.00053	1425335213.823862	1425335213.823324	363.7464755592192	727.4929511184383
4194304	4	5000	70	5	0.000123	1425338010.708429	1425338010.708299	363.2354297160917	726.4708594321834
524288	4	500	70	5	0.000123	1425331489.135117	1425331489.134986	364.3350702156883	728.6701404313766
524288	4	500	70	5	0.000522	1425334286.640549	1425334286.640017	364.3236686379196	728.6473372758392
524288	4	500	70	5	0.000529	1425337075.742984	1425337075.742445	364.5699672748541	729.1399345497082
8388608	4	10000	80	5	0.000514	1425333102.488078	1425333102.487556	355.9465026565404	711.8930053130807
8388608	4	10000	80	5	0.000123	1425335891.419255	1425335891.419125	357.6220346757977	715.2440693515954
8388608	4	10000	80	5	0.000527	1425338687.876559	1425338687.876023	357.5510944788289	715.1021889576577
1048576	4	1000	80	5	0.000529	1425331843.463074	1425331843.462536	357.5060446255168	715.0120892510337
1048576	4	1000	80	5	0.000128	1425334640.452061	1425334640.451925	357.6327944587832	715.2655889175664
1048576	4	1000	80	5	0.000149	1425337429.843796	1425337429.843639	355.6822436619195	711.3644873238389
131072	4	50000	80	5	0.0004929999999999999	1425333773.046265	1425333773.045762	354.9367819812172	709.8735639624343
131072	4	50000	80	5	0.0005	1425336561.843341	1425336561.842832	357.1298135363598	714.2596270727196
131072	4	50000	80	5	0.00055	1425339359.095827	1425339359.095268	357.3915818923514	714.7831637847028
4194304	4	5000	80	5	0.0005240000000000001	1425332426.621209	1425332426.620676	354.9634234241099	709.9268468482197
4194304	4	5000	80	5	0.000519	1425335217.646615	1425335217.646086	357.4549050051285	714.909810010257
4194304	4	5000	80	5	0.000535	1425338014.382007	1425338014.381462	357.7122042259696	715.4244084519391
524288	4	500	80	5	0.000147	1425331492.979132	1425331492.978978	355.9032962466276	711.8065924932552
524288	4	500	80	5	0.000128	1425334290.318254	1425334290.318119	357.885690265661	715.7713805313221
524288	4	500	80	5	0.000147	1425337079.56159	1425337079.561435	355.9128007568125	711.8256015136251
8388608	4	10000	90	5	0.000546	1425333106.511859	1425333106.511304	361.0269918140099	722.0539836280199
8388608	4	10000	90	5	0.0005240000000000001	1425335895.606556	1425335895.606023	361.2887513407623	722.5775026815246
8388608	4	10000	90	5	0.000537	1425338691.931122	1425338691.930575	361.5495984566269	723.0991969132539
524288	4	1000	90	5	0.00051	1425331847.499691	1425331847.499171	362.1457924648523	724.2915849297045
524288	4	1000	90	5	0.000528	1425334644.475947	1425334644.47541	361.7621700329021	723.5243400658043
524288	4	1000	90	5	0.000539	1425337433.875364	1425337433.874815	362.0024541047267	724.0049082094534
131072	4	50000	90	5	0.000126	1425333777.084525	1425333777.084392	361.9545271761519	723.9090543523039
131072	4	50000	90	5	0.00052	1425336565.871456	1425336565.870926	361.5237552104417	723.0475104208833
131072	4	50000	90	5	0.000537	1425339363.127642	1425339363.127095	361.7732968373407	723.5465936746814
4194304	4	5000	90	5	0.000121	1425332430.821427	1425332430.821299	361.5441710684515	723.0883421369031
4194304	4	5000	90	5	0.00052	1425335221.834892	1425335221.834362	361.6418889930951	723.2837779861901
4194304	4	5000	90	5	0.00054	1425338018.584239	1425338018.583689	361.7896001357385	723.579200271477
262144	4	500	90	5	0.000515	1425331497.168595	1425331497.168071	361.6460263668104	723.2920527336208
262144	4	500	90	5	0.000128	1425334294.354128	1425334294.353992	361.5963841294204	723.1927682588407
262144	4	500	90	5	0.000537	1425337083.754984	1425337083.754437	361.7927056925113	723.5854113850226
524288	6	10000	1000	5	0.000123	1425333252.0914	1425333252.091269	341.6247513031459	683.2495026062918
524288	6	10000	1000	5	0.000124	1425336038.136013	1425336038.135882	342.0189644976059	684.0379289952118
524288	6	10000	1000	5	0.000123	1425338834.75805	1425338834.757919	341.5306649444605	683.0613298889209
131072	6	50000	1000	5	0.000122	1425333919.946985	1425333919.946855	341.8498409928936	683.6996819857873
131072	6	50000	1000	5	0.000123	1425336710.689648	1425336710.689517	341.8774225150428	683.7548450300856
131072	6	50000	1000	5	0.000124	1425339507.041024	1425339507.040893	340.7670813698066	681.5341627396132
262144	6	5000	1000	5	0.000122	1425332575.171926	1425332575.171796	341.9325140132345	683.865028026469
262144	6	5000	1000	5	0.000124	1425335367.232682	1425335367.232551	341.8473376596548	683.6946753193097
262144	6	5000	1000	5	0.000124	1425338163.414074	1425338163.413943	342.1916778161831	684.3833556323661
8388608	6	10000	100	5	0.000522	1425333195.867053	1425333195.866521	344.7467890530417	689.4935781060833
8388608	6	10000	100	5	0.000534	1425335984.506544	1425335984.506001	344.8701891480191	689.7403782960382
8388608	6	10000	100	5	0.000123	1425338781.105514	1425338781.105383	344.9244962069169	689.8489924138338
524288	6	1000	100	5	0.000519	1425331904.69857	1425331904.698042	344.7039801083888	689.4079602167776
524288	6	1000	100	5	0.000519	1425334702.549085	1425334702.548557	344.4545435358379	688.9090870716758
524288	6	1000	100	5	0.000123	1425337491.468516	1425337491.468385	344.5912866138829	689.1825732277658
131072	6	50000	100	5	0.000514	1425333865.987072	1425333865.986548	344.588533747767	689.1770674955339
131072	6	50000	100	5	0.000509	1425336655.889053	1425336655.888534	344.4676627762229	688.9353255524458
131072	6	50000	100	5	0.000521	1425339453.052795	1425339453.052264	344.6721981660669	689.3443963321339
4194304	6	5000	100	5	0.00013	1425332521.201847	1425332521.20171	344.8356197351356	689.6712394702712
4194304	6	5000	100	5	0.000129	1425335311.889771	1425335311.889634	344.7840966045607	689.5681932091213
4194304	6	5000	100	5	0.000532	1425338108.018957	1425338108.018415	345.0473866100717	690.0947732201435
262144	6	500	100	5	0.000511	1425331538.308072	1425331538.307552	344.606322274193	689.2126445483859
262144	6	500	100	5	0.000129	1425334335.383837	1425334335.383701	344.5387779816604	689.0775559633207
262144	6	500	100	5	0.000531	1425337124.869908	1425337124.869367	344.5555027848083	689.1110055696165
4194304	6	10000	200	5	0.000129	1425333202.827871	1425333202.827735	344.9370468615004	689.8740937230008
4194304	6	10000	200	5	0.000124	1425335991.468319	1425335991.468188	344.7839745453428	689.5679490906856
4194304	6	10000	200	5	0.000569	1425338788.094309	1425338788.09373	344.9183562347524	689.8367124695047
262144	6	1000	200	5	0.000123	1425331912.021544	1425331912.021415	344.8701634385	689.740326877
262144	6	1000	200	5	0.000124	1425334709.511511	1425334709.51138	345.040811200815	690.0816224016301
262144	6	1000	200	5	0.000129	1425337498.417794	1425337498.417658	345.061374664536	690.122749329072
131072	6	50000	200	5	0.000123	1425333873.318905	1425333873.318775	344.7042690620211	689.4085381240421
131072	6	50000	200	5	0.000122	1425336663.210542	1425336663.210412	345.1376340058101	690.2752680116201
131072	6	50000	200	5	0.000125	1425339460.369267	1425339460.369136	344.8550854659013	689.7101709318026
2097152	6	5000	200	5	0.000143	1425332528.513666	1425332528.513516	343.4803578931226	686.9607157862451
2097152	6	5000	200	5	0.000147	1425335318.839872	1425335318.839719	342.5359881698097	685.0719763396195
2097152	6	5000	200	5	0.000142	1425338114.982962	1425338114.982813	343.4298571837739	686.8597143675479
131072	6	500	200	5	0.000125	1425331545.617707	1425331545.617575	344.9947710560613	689.9895421121225
131072	6	500	200	5	0.00012	1425334342.682663	1425334342.682536	344.878467812523	689.7569356250459
131072	6	500	200	5	0.000123	1425337131.837316	1425337131.837186	344.7917286893986	689.5834573787971
33554432	6	10000	20	5	0.000123	1425333170.297183	1425333170.297052	343.6553829364431	687.3107658728862
33554432	6	10000	20	5	0.000124	1425335959.359555	1425335959.359424	342.3985015792169	684.7970031584338
33554432	6	10000	20	5	0.000125	1425338755.653891	1425338755.65376	342.3238783756015	684.647756751203
2097152	6	1000	20	5	0.000123	1425331879.580147	1425331879.580017	344.1705385105524	688.3410770211049
2097152	6	1000	20	5	0.000123	1425334677.244005	1425334677.243874	341.1448999551826	682.2897999103652
2097152	6	1000	20	5	0.000122	1425337465.88925	1425337465.889121	342.5371738790599	685.0743477581199
262144	6	100	20	5	0.000123	1425331285.368026	1425331285.367895	341.7233412773892	683.4466825547785
262144	6	100	20	5	0.000123	1425334082.912217	1425334082.912086	341.0414350668955	682.0828701337909
262144	6	100	20	5	0.000123	1425336872.336416	1425336872.336285	341.8626481667397	683.7252963334795
131072	6	50000	20	5	0.000124	1425333840.726453	1425333840.726323	343.630321946883	687.260643893766
131072	6	50000	20	5	0.000123	1425336630.583955	1425336630.583825	341.9016271988501	683.8032543977002
131072	6	50000	20	5	0.000123	1425339427.880701	1425339427.880571	341.9465231573055	683.893046314611
16777216	6	5000	20	5	0.000123	1425332495.708554	1425332495.708423	343.7902977077065	687.580595415413
16777216	6	5000	20	5	0.000124	1425335286.600109	1425335286.599978	341.7788143129507	683.5576286259014
16777216	6	5000	20	5	0.000124	1425338083.018155	1425338083.018024	343.830912266852	687.6618245337039
1048576	6	500	20	5	0.000123	1425331512.869976	1425331512.869845	340.5543487102891	681.1086974205782
1048576	6	500	20	5	0.000122	1425334310.032326	1425334310.032196	341.5110577915825	683.022115583165
1048576	6	500	20	5	0.000123	1425337099.482615	1425337099.482484	342.5964698096158	685.1929396192315
16777216	6	10000	30	5	0.000523	1425333172.438077	1425333172.437545	337.3338942821202	674.6677885642405
16777216	6	10000	30	5	0.000473	1425335961.437488	1425335961.437005	340.0941309572171	680.1882619144343
16777216	6	10000	30	5	0.000518	1425338757.749097	1425338757.748569	337.1056659444522	674.2113318889044
2097152	6	1000	30	5	0.000474	1425331881.651463	1425331881.65098	337.0477960925366	674.0955921850732
2097152	6	1000	30	5	0.000479	1425334679.326913	1425334679.326424	336.8571040753927	673.7142081507853
2097152	6	1000	30	5	0.0005240000000000001	1425337468.033386	1425337468.032853	337.4498505003714	674.8997010007428
262144	6	100	30	5	0.000525	1425331287.511742	1425331287.511208	336.4159676892291	672.8319353784583
262144	6	100	30	5	0.000482	1425334085.000503	1425334085.000012	339.6654664802111	679.3309329604222
262144	6	100	30	5	0.000522	1425336874.4351	1425336874.434568	336.3185514610068	672.6371029220137
131072	6	50000	30	5	0.000472	1425333842.804104	1425333842.803623	339.5920296836842	679.1840593673685
131072	6	50000	30	5	0.00051	1425336632.752608	1425336632.752089	336.5141269955274	673.0282539910548
131072	6	50000	30	5	0.000471	1425339429.986692	1425339429.986211	336.4530281097953	672.9060562195906
8388608	6	5000	30	5	0.000478	1425332497.782838	1425332497.782351	340.2379615622654	680.4759231245307
8388608	6	5000	30	5	0.000529	1425335288.735629	1425335288.73509	340.2765709616921	680.5531419233841
8388608	6	5000	30	5	0.000527	1425338085.153111	1425338085.152574	340.1025469588081	680.2050939176162
1048576	6	500	30	5	0.000519	1425331514.977791	1425331514.977262	337.0939525848589	674.1879051697179
1048576	6	500	30	5	0.000471	1425334312.11857	1425334312.118089	336.8688009804322	673.7376019608645
1048576	6	500	30	5	0.0005330000000000001	1425337101.641918	1425337101.641375	337.5016424113191	675.0032848226382
16777216	6	10000	40	5	0.000518	1425333174.967902	1425333174.967374	339.3168494836635	678.6336989673269
16777216	6	10000	40	5	0.000511	1425335963.88072	1425335963.880199	339.4700050247001	678.9400100494001
16777216	6	10000	40	5	0.000554	1425338760.21016	1425338760.209596	339.2769619403216	678.5539238806432
2097152	6	1000	40	5	0.000514	1425331884.07554	1425331884.075017	339.0532670053862	678.1065340107724
2097152	6	1000	40	5	0.00052	1425334681.774253	1425334681.773724	339.1453995567052	678.2907991134103
2097152	6	1000	40	5	0.000543	1425337470.566846	1425337470.566293	339.4400614765811	678.8801229531623
131072	6	100	40	5	0.000128	1425331289.966294	1425331289.966159	338.9467544774739	677.8935089549478
131072	6	100	40	5	0.000523	1425334087.522553	1425334087.522022	342.3110214266547	684.6220428533095
131072	6	100	40	5	0.000512	1425336876.94503	1425336876.944509	339.0009978220558	678.0019956441115
131072	6	50000	40	5	0.000495	1425333845.255264	1425333845.25476	342.4323550261317	684.8647100522635
131072	6	50000	40	5	0.000507	1425336635.197141	1425336635.196624	342.4618129708788	684.9236259417577
131072	6	50000	40	5	0.000516	1425339432.431176	1425339432.430649	339.0054774062829	678.0109548125657
8388608	6	5000	40	5	0.000513	1425332500.305206	1425332500.304684	339.1807718330053	678.3615436660106
8388608	6	5000	40	5	0.000517	1425335291.286547	1425335291.28602	342.6193465838067	685.2386931676134
8388608	6	5000	40	5	0.000527	1425338087.604157	1425338087.60362	338.4236263986176	676.8472527972351
1048576	6	500	40	5	0.000124	1425331517.519652	1425331517.519522	339.1892423461526	678.3784846923052
1048576	6	500	40	5	0.000528	1425334314.564085	1425334314.563548	339.199706505343	678.3994130106861
1048576	6	500	40	5	0.000545	1425337104.108837	1425337104.108283	339.3208387538412	678.6416775076824
1048576	6	10000	500	5	0.000123	1425333219.462125	1425333219.461994	345.924613918396	691.849227836792
1048576	6	10000	500	5	0.000123	1425336007.265569	1425336007.265438	346.2613254298382	692.5226508596764
1048576	6	10000	500	5	0.000124	1425338803.885532	1425338803.885401	346.3818887073678	692.7637774147356
131072	6	1000	500	5	0.000128	1425331928.649826	1425331928.649691	346.4133137850433	692.8266275700865
131072	6	1000	500	5	0.000129	1425334725.263766	1425334725.26363	346.2960576203881	692.5921152407761
131072	6	1000	500	5	0.000123	1425337515.062239	1425337515.062109	345.5506514640017	691.1013029280034
131072	6	50000	500	5	0.000122	1425333889.083459	1425333889.08333	346.3954748613655	692.7909497227309
131072	6	50000	500	5	0.000122	1425336679.831524	1425336679.831394	346.0995818847718	692.1991637695436
131072	6	50000	500	5	0.000122	1425339476.131563	1425339476.131433	346.2903633411692	692.5807266823384
524288	6	5000	500	5	0.000123	1425332544.261566	1425332544.261435	346.2892683089424	692.5785366178848
524288	6	5000	500	5	0.000128	1425335334.595862	1425335334.595727	346.386315046943	692.7726300938861
524288	6	5000	500	5	0.000123	1425338130.787594	1425338130.787464	346.2989924374231	692.5979848748461
16777216	6	10000	50	5	0.000512	1425333177.680735	1425333177.680202	341.3520181806892	682.7040363613785
16777216	6	10000	50	5	0.000515	1425335966.477289	1425335966.476764	343.93473203699	687.86946407398
16777216	6	10000	50	5	0.000129	1425338763.026462	1425338763.026325	340.4412857748856	680.8825715497711
1048576	6	1000	50	5	0.00051	1425331886.703128	1425331886.702608	340.1380565512459	680.2761131024918
1048576	6	1000	50	5	0.000527	1425334684.404216	1425334684.40368	340.5691461782589	681.1382923565178
1048576	6	1000	50	5	0.000519	1425337473.216379	1425337473.215852	340.6979824181046	681.3959648362091
131072	6	100	50	5	0.00053	1425331292.564798	1425331292.564258	340.4781840748158	680.9563681496315
131072	6	100	50	5	0.000131	1425334090.203288	1425334090.20315	340.4878492370343	680.9756984740685
131072	6	100	50	5	0.000128	1425336879.663579	1425336879.663443	339.7942323488509	679.5884646977017
131072	6	50000	50	5	0.000505	1425333847.852047	1425333847.851534	340.2964055596966	680.5928111193931
131072	6	50000	50	5	0.000513	1425336637.809698	1425336637.809175	340.1691883423055	680.338376684611
131072	6	50000	50	5	0.000513	1425339435.133567	1425339435.133044	340.1380565512459	680.2761131024918
8388608	6	5000	50	5	0.000515	1425332502.905298	1425332502.904774	340.6276160788141	681.2552321576283
8388608	6	5000	50	5	0.00053	1425335293.897165	1425335293.896626	340.4289881187301	680.8579762374602
8388608	6	5000	50	5	0.000183	1425338090.320612	1425338090.320421	340.4417249933235	680.8834499866471
524288	6	500	50	5	0.000125	1425331520.13498	1425331520.134849	340.6535602832338	681.3071205664677
524288	6	500	50	5	0.000512	1425334317.176725	1425334317.176204	344.2811513855202	688.5623027710404
524288	6	500	50	5	0.000521	1425337106.734483	1425337106.733952	340.5555207400677	681.1110414801354
8388608	6	10000	60	5	0.000519	1425333180.732093	1425333180.731565	341.1073866801518	682.2147733603035
8388608	6	10000	60	5	0.000532	1425335969.435963	1425335969.435422	341.5814359100752	683.1628718201504
8388608	6	10000	60	5	0.000555	1425338765.994973	1425338765.994409	341.5280307640697	683.0560615281394
1048576	6	1000	60	5	0.000519	1425331889.643781	1425331889.643252	341.2171274193582	682.4342548387164
1048576	6	1000	60	5	0.000511	1425334687.453382	1425334687.452862	341.0809324349477	682.1618648698955
1048576	6	1000	60	5	0.0005419999999999999	1425337476.192733	1425337476.192181	341.5771911816027	683.1543823632054
131072	6	100	60	5	0.000504	1425331295.51928	1425331295.518768	345.1373494750456	690.2746989500912
131072	6	100	60	5	0.000514	1425334093.252059	1425334093.251536	341.5418225465254	683.0836450930508
131072	6	100	60	5	0.000512	1425336882.738046	1425336882.737524	341.5771911816027	683.1543823632054
131072	6	50000	60	5	0.000494	1425333850.899561	1425333850.899057	341.6766162700361	683.3532325400722
131072	6	50000	60	5	0.000504	1425336640.750676	1425336640.750162	341.491258122426	682.9825162448519
131072	6	50000	60	5	0.000512	1425339438.096505	1425339438.095984	341.6529046775128	683.3058093550255
4194304	6	5000	60	5	0.000518	1425332505.982684	1425332505.982157	341.3223471911787	682.6446943823574
4194304	6	5000	60	5	0.00052	1425335296.85354	1425335296.85301	341.4081952510037	682.8163905020075
4194304	6	5000	60	5	0.000558	1425338093.277105	1425338093.276537	341.6854647223773	683.3709294447547
524288	6	500	60	5	0.000128	1425331523.197327	1425331523.197192	341.4629768630187	682.9259537260374
524288	6	500	60	5	0.000124	1425334320.141692	1425334320.141561	341.31493024974	682.6298604994801
524288	6	500	60	5	0.000129	1425337109.724583	1425337109.724447	341.2407785602334	682.4815571204668
8388608	6	10000	70	5	0.0005240000000000001	1425333184.062104	1425333184.06157	342.859397885422	685.7187957708439
8388608	6	10000	70	5	0.00053	1425335972.857522	1425335972.856982	342.5262063817028	685.0524127634055
8388608	6	10000	70	5	0.000565	1425338769.302262	1425338769.301687	342.7103755628747	685.4207511257493
1048576	6	1000	70	5	0.000143	1425331892.938431	1425331892.938281	339.6939172015585	679.3878344031169
1048576	6	1000	70	5	0.000123	1425334690.905612	1425334690.905482	342.9345518893026	685.8691037786051
1048576	6	1000	70	5	0.000149	1425337479.494557	1425337479.494401	339.5423904143291	679.0847808286582
131072	6	50000	70	5	0.000125	1425333854.20595	1425333854.205818	342.5519959373361	685.1039918746721
131072	6	50000	70	5	0.000505	1425336644.227713	1425336644.227198	342.4624902246063	684.9249804492126
131072	6	50000	70	5	0.000508	1425339441.400256	1425339441.399737	342.3520063187775	684.704012637555
4194304	6	5000	70	5	0.000522	1425332509.268309	1425332509.267778	342.9280154506333	685.8560309012666
4194304	6	5000	70	5	0.000125	1425335300.280732	1425335300.2806	342.8011984514895	685.602396902979
4194304	6	5000	70	5	0.000559	1425338096.574885	1425338096.574316	342.5846089812254	685.1692179624507
524288	6	500	70	5	0.000522	1425331526.619032	1425331526.618501	342.0493556852944	684.0987113705888
524288	6	500	70	5	0.000148	1425334323.580524	1425334323.580369	340.6223397750859	681.2446795501719
524288	6	500	70	5	0.000525	1425337113.173676	1425337113.173141	342.6317606306628	685.2635212613256
8388608	6	10000	80	5	0.00052	1425333187.525366	1425333187.524836	342.6287719212567	685.2575438425133
8388608	6	10000	80	5	0.000521	1425335976.336599	1425335976.336068	342.5392716924581	685.0785433849162
8388608	6	10000	80	5	0.000552	1425338772.784103	1425338772.783542	342.3844673821984	684.7689347643967
1048576	6	1000	80	5	0.000518	1425331896.397979	1425331896.397451	342.6564251774001	685.3128503548003
1048576	6	1000	80	5	0.000514	1425334694.385322	1425334694.384799	342.6690212092104	685.3380424184209
1048576	6	1000	80	5	0.000525	1425337483.109284	1425337483.10875	342.7813311129444	685.5626622258887
131072	6	50000	80	5	0.000514	1425333857.673049	1425333857.672525	342.4613050323411	684.9226100646822
131072	6	50000	80	5	0.000499	1425336647.699665	1425336647.699157	342.4782631796106	684.9565263592211
131072	6	50000	80	5	0.000527	1425339444.866978	1425339444.866441	342.6586157251078	685.3172314502157
4194304	6	5000	80	5	0.000525	1425332512.881848	1425332512.881315	342.6528655971092	685.3057311942183
4194304	6	5000	80	5	0.0005240000000000001	1425335303.761613	1425335303.761081	342.3123096806331	684.6246193612662
4194304	6	5000	80	5	0.000129	1425338100.033107	1425338100.032971	342.601123128131	685.2022462562619
524288	6	500	80	5	0.000124	1425331530.113988	1425331530.113856	342.5023356918011	685.0046713836023
524288	6	500	80	5	0.000514	1425334327.184758	1425334327.184228	342.665461367216	685.3309227344321
524288	6	500	80	5	0.000522	1425337116.702567	1425337116.702036	342.278974350329	684.557948700658
8388608	6	10000	90	5	0.000125	1425333191.497031	1425333191.496898	344.0558994811757	688.1117989623514
8388608	6	10000	90	5	0.000129	1425335980.323169	1425335980.323033	343.8352131937717	687.6704263875434
8388608	6	10000	90	5	0.000581	1425338776.767261	1425338776.76667	343.8894618972653	687.7789237945307
524288	6	1000	90	5	0.000128	1425331900.359375	1425331900.35924	343.7702328789776	687.5404657579552
524288	6	1000	90	5	0.000522	1425334698.377088	1425334698.376556	343.8564804693609	687.7129609387217
524288	6	1000	90	5	0.0005330000000000001	1425337487.087523	1425337487.08698	343.8342574229353	687.6685148458706
131072	6	50000	90	5	0.000504	1425333861.640607	1425333861.640094	343.4209073198225	686.841814639645
131072	6	50000	90	5	0.000518	1425336651.520791	1425336651.520263	343.7802650005697	687.5605300011395
131072	6	50000	90	5	0.000525	1425339448.880256	1425339448.879722	343.6840285437426	687.3680570874852
4194304	6	5000	90	5	0.000511	1425332516.856305	1425332516.855784	343.9827044957295	687.9654089914591
4194304	6	5000	90	5	0.000526	1425335307.55974	1425335307.559205	343.7902977077065	687.5805954154131
4194304	6	5000	90	5	0.000537	1425338103.855964	1425338103.855417	343.8524179774969	687.7048359549938
262144	6	500	90	5	0.00013	1425331533.962815	1425331533.962678	343.7692774693627	687.5385549387255
262144	6	500	90	5	0.000132	1425334331.013842	1425334331.013703	343.9836610920346	687.9673221840692
262144	6	500	90	5	0.000123	1425337120.527124	1425337120.526994	343.7912532341648	687.5825064683296
524288	8	10000	1000	5	0.000122	1425333331.259908	1425333331.259778	343.7110231370247	687.4220462740494
524288	8	10000	1000	5	0.000129	1425336119.698771	1425336119.698634	343.6540651223661	687.3081302447322
524288	8	10000	1000	5	0.000124	1425338914.511502	1425338914.511371	343.6726265056656	687.3452530113312
131072	8	50000	1000	5	0.000123	1425334000.62032	1425334000.62019	343.6710151950056	687.3420303900111
131072	8	50000	1000	5	0.000124	1425336790.138969	1425336790.138838	343.7498582264896	687.4997164529792
131072	8	50000	1000	5	0.000123	1425339588.865145	1425339588.865015	343.7805327588272	687.5610655176545
262144	8	5000	1000	5	0.000124	1425332655.894944	1425332655.894813	343.5115916599829	687.0231833199658
262144	8	5000	1000	5	0.000125	1425335446.031071	1425335446.030939	343.4593774089149	686.9187548178298
262144	8	5000	1000	5	0.000124	1425338242.033071	1425338242.03294	343.3923355316457	686.7846710632914
8388608	8	10000	100	5	0.000525	1425333278.518098	1425333278.517564	343.4135006096615	686.8270012193231
8388608	8	10000	100	5	0.000529	1425336065.214072	1425336065.213533	343.5424664347646	687.0849328695292
8388608	8	10000	100	5	0.000123	1425338861.684751	1425338861.684614	343.3330749846542	686.6661499693084
524288	8	1000	100	5	0.000513	1425331956.413436	1425331956.412913	341.9094114354434	683.8188228708867
524288	8	1000	100	5	0.000531	1425334753.449965	1425334753.449424	343.5139824486843	687.0279648973686
524288	8	1000	100	5	0.000534	1425337543.074518	1425337543.073974	343.6064694279896	687.2129388559792
131072	8	50000	100	5	0.000135	1425333947.02076	1425333947.020617	341.9591036473816	683.9182072947632
131072	8	50000	100	5	0.000518	1425336737.411946	1425336737.411419	342.9710081428929	685.9420162857857
131072	8	50000	100	5	0.000564	1425339534.012814	1425339534.01224	343.1669813422228	686.3339626844455
4194304	8	5000	100	5	0.000512	1425332601.982946	1425332601.982425	343.5934604373628	687.1869208747256
4194304	8	5000	100	5	0.0005330000000000001	1425335394.165968	1425335394.165426	343.488804887109	686.977609774218
4194304	8	5000	100	5	0.000129	1425338190.146637	1425338190.146501	343.7607940093638	687.5215880187276
262144	8	500	100	5	0.000124	1425331574.477607	1425331574.477476	343.7331004149595	687.466200829919
262144	8	500	100	5	0.000123	1425334371.521713	1425334371.521582	343.5370995255159	687.0741990510318
262144	8	500	100	5	0.000124	1425337160.592344	1425337160.592213	343.4644563303145	686.928912660629
4194304	8	10000	200	5	0.000529	1425333285.371237	1425333285.370699	343.4197712670478	686.8395425340957
4194304	8	10000	200	5	0.000124	1425336072.053901	1425336072.05377	343.3923140824339	686.7846281648679
4194304	8	10000	200	5	0.000554	1425338868.509123	1425338868.508558	343.4189131635653	686.8378263271306
262144	8	1000	200	5	0.000126	1425331963.254797	1425331963.254663	342.6428022481119	685.2856044962239
262144	8	1000	200	5	0.000128	1425334760.635555	1425334760.635419	343.1864179445114	686.3728358890229
262144	8	1000	200	5	0.000154	1425337549.930835	1425337549.930674	342.0999480635854	684.1998961271709
131072	8	50000	200	5	0.000122	1425333953.854887	1425333953.854758	342.4131691353684	684.8263382707368
131072	8	50000	200	5	0.000123	1425336744.242941	1425336744.242811	342.344296571954	684.688593143908
131072	8	50000	200	5	0.000127	1425339541.190747	1425339541.190607	342.7323059190911	685.4646118381822
2097152	8	5000	200	5	0.000149	1425332609.15067	1425332609.150515	343.2511291035169	686.5022582070337
2097152	8	5000	200	5	0.000122	1425335400.998254	1425335400.998125	343.1729216725063	686.3458433450127
2097152	8	5000	200	5	0.000123	1425338196.977995	1425338196.977864	343.3833056503836	686.7666113007672
131072	8	500	200	5	0.000123	1425331581.311701	1425331581.31157	343.238163489523	686.476326979046
131072	8	500	200	5	0.000509	1425334378.404268	1425334378.403749	343.5305025852779	687.0610051705559
131072	8	500	200	5	0.000123	1425337167.434129	1425337167.433998	343.3882387808176	686.7764775616351
33554432	8	10000	20	5	0.000124	1425333253.974132	1425333253.974001	351.7096022933121	703.4192045866242
33554432	8	10000	20	5	0.000125	1425336040.0903	1425336040.090169	351.7846210719799	703.5692421439597
33554432	8	10000	20	5	0.000124	1425338836.63855	1425338836.638418	350.2493856846834	700.4987713693668
2097152	8	1000	20	5	0.000124	1425331931.624502	1425331931.624371	347.9054314048175	695.810862809635
2097152	8	1000	20	5	0.000123	1425334728.259046	1425334728.258915	351.0031852606824	702.0063705213648
2097152	8	1000	20	5	0.000124	1425337518.019468	1425337518.019336	351.595260237752	703.1905204755039
262144	8	100	20	5	0.000123	1425331305.213268	1425331305.213138	353.6790795250017	707.3581590500035
262144	8	100	20	5	0.000126	1425334102.945177	1425334102.945044	355.9682058332411	711.9364116664823
262144	8	100	20	5	0.000123	1425336892.277891	1425336892.277761	355.542309014899	711.084618029798
131072	8	50000	20	5	0.000127	1425333921.822327	1425333921.822193	343.9565674913647	687.9131349827294
131072	8	50000	20	5	0.000123	1425336712.578028	1425336712.577897	347.2333874585701	694.4667749171401
131072	8	50000	20	5	0.000125	1425339508.958577	1425339508.958445	347.9944384069545	695.9888768139091
16777216	8	5000	20	5	0.000125	1425332577.120956	1425332577.120824	351.1255520924403	702.2511041848805
16777216	8	5000	20	5	0.000124	1425335369.177214	1425335369.177082	351.5090842401235	703.0181684802469
16777216	8	5000	20	5	0.000124	1425338165.363111	1425338165.36298	351.7696147561447	703.5392295122894
1048576	8	500	20	5	0.000122	1425331549.762168	1425331549.762038	351.4304386924177	702.8608773848355
1048576	8	500	20	5	0.000123	1425334346.79958	1425334346.799449	351.7058521942599	703.4117043885198
1048576	8	500	20	5	0.000124	1425337135.964513	1425337135.964382	351.0816396757971	702.1632793515942
16777216	8	10000	30	5	0.0005240000000000001	1425333256.090626	1425333256.090093	339.1415146004738	678.2830292009477
16777216	8	10000	30	5	0.000546	1425336042.26101	1425336042.260454	345.2779160369611	690.5558320739223
16777216	8	10000	30	5	0.000484	1425338838.732403	1425338838.731909	345.1620734700861	690.3241469401721
2097152	8	1000	30	5	0.00052	1425331933.788538	1425331933.788008	339.3803180868968	678.7606361737936
2097152	8	1000	30	5	0.000525	1425334730.424114	1425334730.423579	339.6883142511566	679.3766285023132
2097152	8	1000	30	5	0.000558	1425337520.151797	1425337520.151217	339.4634874992233	678.9269749984467
262144	8	100	30	5	0.000544	1425331307.331548	1425331307.330994	339.8504002630374	679.7008005260748
262144	8	100	30	5	0.000535	1425334105.06641	1425334105.065866	339.828736094947	679.6574721898941
262144	8	100	30	5	0.000536	1425336894.423	1425336894.422455	340.0441875793177	680.0883751586354
131072	8	50000	30	5	0.000559	1425333923.947977	1425333923.947408	337.4171147308862	674.8342294617723
131072	8	50000	30	5	0.000504	1425336714.698391	1425336714.697877	338.9363469247323	677.8726938494647
131072	8	50000	30	5	0.000528	1425339511.144025	1425339511.143488	339.386210640548	678.7724212810961
8388608	8	5000	30	5	0.000515	1425332579.296406	1425332579.295882	344.3681765125848	688.7363530251696
8388608	8	5000	30	5	0.000541	1425335371.294279	1425335371.293728	339.1199407127766	678.2398814255532
8388608	8	5000	30	5	0.000527	1425338167.483534	1425338167.482997	339.2108311159016	678.4216622318032
1048576	8	500	30	5	0.000525	1425331551.861905	1425331551.861371	339.1722457857638	678.3444915715277
1048576	8	500	30	5	0.000531	1425334348.90402	1425334348.90348	339.1885944301318	678.3771888602636
1048576	8	500	30	5	0.000538	1425337138.088957	1425337138.088409	339.3286033399365	678.657206679873
16777216	8	10000	40	5	0.00052	1425333258.409342	1425333258.408813	341.2269228999792	682.4538457999585
16777216	8	10000	40	5	0.000526	1425336044.668873	1425336044.668337	340.6460053988491	681.2920107976981
16777216	8	10000	40	5	0.0005330000000000001	1425338841.162038	1425338841.161495	341.229040868224	682.4580817364481
2097152	8	1000	40	5	0.000527	1425331936.18807	1425331936.187533	341.1491058004043	682.2982116008086
2097152	8	1000	40	5	0.0005419999999999999	1425334732.783847	1425334732.783295	341.2089212313804	682.4178424627607
2097152	8	1000	40	5	0.000571	1425337522.564212	1425337522.563631	341.2666391802239	682.5332783604478
131072	8	100	40	5	0.000125	1425331309.689971	1425331309.689838	339.079676798653	678.159353597306
131072	8	100	40	5	0.000508	1425334107.49769	1425334107.497173	341.0491073807892	682.0982147615784
131072	8	100	40	5	0.000521	1425336896.786032	1425336896.785502	341.260283954108	682.5205679082161
131072	8	50000	40	5	0.000502	1425333926.38405	1425333926.38354	341.5958455226408	683.1916910452816
131072	8	50000	40	5	0.000518	1425336717.035988	1425336717.035461	347.8625041013805	695.725008202761
131072	8	50000	40	5	0.000538	1425339513.583571	1425339513.583023	341.4823275139605	682.9646550279209
8388608	8	5000	40	5	0.000513	1425332581.644569	1425332581.644047	340.6966709301587	681.3933418603174
8388608	8	5000	40	5	0.000541	1425335373.696211	1425335373.69566	341.1866864982111	682.3733729964223
8388608	8	5000	40	5	0.000142	1425338169.797954	1425338169.797804	337.5686191228529	675.1372382457057
1048576	8	500	40	5	0.000508	1425331554.241407	1425331554.240889	341.086666049129	682.173332098258
1048576	8	500	40	5	0.000518	1425334351.263468	1425334351.262942	341.3132514053607	682.6265028107214
1048576	8	500	40	5	0.000546	1425337140.498259	1425337140.497703	341.4913425409234	682.9826850818469
1048576	8	10000	500	5	0.000123	1425333301.685417	1425333301.685286	343.6238883995665	687.247776799133
1048576	8	10000	500	5	0.000123	1425336088.394266	1425336088.394136	343.410432811939	686.8208656238779
1048576	8	10000	500	5	0.000123	1425338884.893572	1425338884.893442	343.5908646568982	687.1817293137965
131072	8	1000	500	5	0.000123	1425331978.697646	1425331978.697516	343.7137024664622	687.4274049329243
131072	8	1000	500	5	0.000121	1425334776.978136	1425334776.978008	343.8519466911292	687.7038933822585
131072	8	1000	500	5	0.000133	1425337565.375799	1425337565.375658	343.4256282783573	686.8512565567146
131072	8	50000	500	5	0.000123	1425333969.313315	1425333969.313186	343.460067799719	686.9201355994379
131072	8	50000	500	5	0.000123	1425336760.573205	1425336760.573075	343.3963452194617	686.7926904389234
131072	8	50000	500	5	0.000123	1425339557.563174	1425339557.563044	343.5167015578831	687.0334031157662
524288	8	5000	500	5	0.000122	1425332624.589226	1425332624.589096	343.512059442021	687.0241188840421
524288	8	5000	500	5	0.000124	1425335416.457353	1425335416.457221	343.4854442271938	686.9708884543876
524288	8	5000	500	5	0.000124	1425338212.449586	1425338212.449455	343.6212036518305	687.242407303661
16777216	8	10000	50	5	0.000536	1425333260.955902	1425333260.955357	341.5980565132978	683.1961130265956
16777216	8	10000	50	5	0.000527	1425336047.254608	1425336047.254073	341.9770004707383	683.9540009414766
16777216	8	10000	50	5	0.000559	1425338843.725841	1425338843.725272	341.1021856604164	682.2043713208327
1048576	8	1000	50	5	0.000515	1425331938.734459	1425331938.733936	341.7914077261553	683.5828154523106
1048576	8	1000	50	5	0.000537	1425334735.33004	1425334735.329494	347.4615359963342	694.9230719926685
1048576	8	1000	50	5	0.000536	1425337525.217799	1425337525.217253	341.9384479287208	683.8768958574416
131072	8	100	50	5	0.000519	1425331312.27132	1425331312.270792	341.687404477627	683.374808955254
131072	8	100	50	5	0.000125	1425334110.077893	1425334110.077761	341.6559946686278	683.3119893372556
131072	8	100	50	5	0.000126	1425336899.358335	1425336899.358202	337.4089175183292	674.8178350366584
131072	8	50000	50	5	0.000502	1425333928.956509	1425333928.955997	341.8950313364705	683.7900626729411
131072	8	50000	50	5	0.0005240000000000001	1425336719.639119	1425336719.638586	341.7449303660496	683.4898607320993
131072	8	50000	50	5	0.0005509999999999999	1425339516.219222	1425339516.21866	342.0607825085748	684.1215650171496
8388608	8	5000	50	5	0.000519	1425332584.19117	1425332584.190642	341.8024756276481	683.6049512552961
8388608	8	5000	50	5	0.000543	1425335376.342885	1425335376.342333	341.5631262069912	683.1262524139825
8388608	8	5000	50	5	0.000547	1425338172.367063	1425338172.366507	341.1334937195025	682.266987439005
524288	8	500	50	5	0.00052	1425331556.809007	1425331556.808477	341.640955396363	683.281910792726
524288	8	500	50	5	0.000124	1425334353.870421	1425334353.870289	341.8990181147555	683.798036229511
524288	8	500	50	5	0.0005330000000000001	1425337143.075433	1425337143.07489	341.9512978102027	683.9025956204055
8388608	8	10000	60	5	0.000526	1425333264.050531	1425333264.049995	343.0586743554262	686.1173487108524
8388608	8	10000	60	5	0.000129	1425336050.38155	1425336050.381414	343.179134110303	686.3582682206061
8388608	8	10000	60	5	0.000552	1425338846.856091	1425338846.855529	343.2383911829717	686.4767823659433
1048576	8	1000	60	5	0.000512	1425331941.743175	1425331941.742654	342.7405323491272	685.4810646982544
1048576	8	1000	60	5	0.000529	1425334738.430579	1425334738.430041	343.0814213861185	686.162842772237
1048576	8	1000	60	5	0.000543	1425337528.234229	1425337528.233677	343.29331430883	686.5866286176599
131072	8	100	60	5	0.000513	1425331315.26958	1425331315.269057	343.1570434894286	686.3140869788572
131072	8	100	60	5	0.000508	1425334113.185458	1425334113.184941	343.2370518140819	686.4741036281638
131072	8	100	60	5	0.000519	1425336902.356161	1425336902.355632	343.0586743554262	686.1173487108524
131072	8	50000	60	5	0.000514	1425333932.071066	1425333932.070544	343.013858151777	686.0277163035539
131072	8	50000	60	5	0.000509	1425336722.65751	1425336722.656993	342.9603616021024	685.9207232042047
131072	8	50000	60	5	0.000544	1425339519.341495	1425339519.340942	343.0824250010677	686.1648500021355
4194304	8	5000	60	5	0.000511	1425332587.200633	1425332587.200113	342.9603616021024	685.9207232042047
4194304	8	5000	60	5	0.000546	1425335379.457838	1425335379.457284	343.2959939353244	686.5919878706487
4194304	8	5000	60	5	0.000558	1425338175.368062	1425338175.367495	343.1861635406793	686.3723270813585
524288	8	500	60	5	0.000147	1425331559.828603	1425331559.828448	341.5487582181098	683.0975164362195
524288	8	500	60	5	0.000516	1425334356.863884	1425334356.863359	343.2564736861145	686.512947372229
524288	8	500	60	5	0.000528	1425337146.084394	1425337146.083857	343.2072535597426	686.4145071194853
8388608	8	10000	70	5	0.0005240000000000001	1425333267.303661	1425333267.303128	342.8973016890515	685.794603378103
8388608	8	10000	70	5	0.000522	1425336053.760561	1425336053.760031	342.7814923154783	685.5629846309565
8388608	8	10000	70	5	0.000131	1425338850.088799	1425338850.088661	343.0830569097889	686.1661138195778
1048576	8	1000	70	5	0.000512	1425331944.963283	1425331944.962761	343.2713950461628	686.5427900923256
1048576	8	1000	70	5	0.000534	1425334741.811853	1425334741.81131	342.7117475061062	685.4234950122124
1048576	8	1000	70	5	0.000547	1425337531.613965	1425337531.613408	342.7402355735006	685.4804711470013
131072	8	50000	70	5	0.000511	1425333935.450814	1425333935.450293	343.1229090323537	686.2458180647074
131072	8	50000	70	5	0.000504	1425336725.893692	1425336725.89318	343.2713950461628	686.5427900923256
131072	8	50000	70	5	0.000558	1425339522.605895	1425339522.605327	342.8711635072936	685.7423270145872
4194304	8	5000	70	5	0.000122	1425332590.449961	1425332590.449832	343.2514505774649	686.5029011549298
4194304	8	5000	70	5	0.000534	1425335382.692204	1425335382.691662	342.9522642731598	685.9045285463196
4194304	8	5000	70	5	0.000555	1425338178.739225	1425338178.73866	342.8186021852788	685.6372043705576
524288	8	500	70	5	0.000142	1425331563.088552	1425331563.088403	341.3013028664454	682.6026057328908
524288	8	500	70	5	0.000129	1425334360.118841	1425334360.118704	343.227936942319	686.4558738846381
524288	8	500	70	5	0.000541	1425337149.341259	1425337149.340708	343.0667023747641	686.1334047495282
8388608	8	10000	80	5	0.000129	1425333270.750867	1425333270.750731	342.5163165558706	685.0326331117411
8388608	8	10000	80	5	0.0005419999999999999	1425336057.207068	1425336057.206516	342.7963649865042	685.5927299730084
8388608	8	10000	80	5	0.000534	1425338853.531765	1425338853.53122	342.8610360330821	685.7220720661643
1048576	8	1000	80	5	0.000128	1425331948.44762	1425331948.447485	342.8532849100936	685.7065698201872
1048576	8	1000	80	5	0.000521	1425334745.27634	1425334745.275811	342.7728542906556	685.5457085813111
1048576	8	1000	80	5	0.00013	1425337535.094757	1425337535.09462	342.7199670144482	685.4399340288965
131072	8	50000	80	5	0.000497	1425333938.908718	1425333938.908211	343.2833330682633	686.5666661365267
131072	8	50000	80	5	0.000514	1425336729.482011	1425336729.481487	343.1261213976429	686.2522427952858
131072	8	50000	80	5	0.000546	1425339526.209458	1425339526.208902	343.1475387034809	686.2950774069618
4194304	8	5000	80	5	0.000512	1425332594.023807	1425332594.023285	342.7816704236637	685.5633408473274
4194304	8	5000	80	5	0.000562	1425335386.15805	1425335386.157479	342.9262662604825	685.8525325209649
4194304	8	5000	80	5	0.000534	1425338182.314385	1425338182.313841	342.9227902535481	685.8455805070962
524288	8	500	80	5	0.000512	1425331566.673481	1425331566.672959	342.8241545127514	685.6483090255027
524288	8	500	80	5	0.000147	1425334363.715636	1425334363.715482	341.0147299362485	682.029459872497
524288	8	500	80	5	0.0005509999999999999	1425337152.780327	1425337152.779767	342.5635376285476	685.1270752570953
8388608	8	10000	90	5	0.000526	1425333274.401287	1425333274.400751	343.4963840329903	686.9927680659806
8388608	8	10000	90	5	0.000123	1425336060.901186	1425336060.901055	343.5639545168119	687.1279090336238
8388608	8	10000	90	5	0.000129	1425338857.381775	1425338857.381638	347.9489699095002	695.8979398190005
524288	8	1000	90	5	0.0005240000000000001	1425331952.29009	1425331952.289558	343.3491383512773	686.6982767025546
524288	8	1000	90	5	0.000535	1425334749.118053	1425334749.11751	343.322579314313	686.6451586286261
524288	8	1000	90	5	0.000536	1425337538.757555	1425337538.757009	343.3532809568197	686.7065619136395
131072	8	50000	90	5	0.000517	1425333942.728078	1425333942.727552	342.7371329499962	685.4742658999925
131072	8	50000	90	5	0.000529	1425336733.30556	1425336733.305021	343.1521145654324	686.3042291308649
131072	8	50000	90	5	0.000128	1425339529.890201	1425339529.890065	341.5203674114318	683.0407348228636
4194304	8	5000	90	5	0.000519	1425332597.871164	1425332597.870636	343.4393235367814	686.8786470735628
4194304	8	5000	90	5	0.000144	1425335389.830017	1425335389.829865	341.7995375330046	683.5990750660093
4194304	8	5000	90	5	0.000569	1425338186.016941	1425338186.016361	343.7052797976638	687.4105595953275
262144	8	500	90	5	0.000126	1425331570.349974	1425331570.349841	343.4800442614703	686.9600885229406
262144	8	500	90	5	0.00052	1425334367.397187	1425334367.396657	343.8015158300241	687.6030316600481
262144	8	500	90	5	0.0005419999999999999	1425337156.460063	1425337156.459511	341.2938923031838	682.5877846063677
524288	1	10000	1000	5	0.000124	1425332953.272326	1425332953.272195	193.0517397730101	386.1034795460202
524288	1	10000	1000	5	0.000124	1425335742.549348	1425335742.549217	191.4367591699501	382.8735183399003
524288	1	10000	1000	5	0.000125	1425338537.820928	1425338537.820797	190.5260313121326	381.0520626242651
131072	1	50000	1000	5	0.000123	1425333625.359182	1425333625.359052	190.7560058144661	381.5120116289322
131072	1	50000	1000	5	0.00013	1425336411.951861	1425336411.951723	190.2840301824835	380.5680603649669
131072	1	50000	1000	5	0.000123	1425339209.875395	1425339209.875264	190.4081489766697	380.8162979533393
262144	1	5000	1000	5	0.000124	1425332278.247939	1425332278.247808	190.7326108300006	381.4652216600011
262144	1	5000	1000	5	0.000125	1425335070.316393	1425335070.316261	190.2443236895332	380.4886473790665
262144	1	5000	1000	5	0.000132	1425337862.75084	1425337862.750702	191.3384426757306	382.6768853514612
131072	1	10000	100	5	0.000122	1425332727.213445	1425332727.213317	178.1883593548791	356.3767187097582
131072	1	10000	100	5	0.000123	1425335517.56871	1425335517.56858	177.2464729656447	354.4929459312895
131072	1	10000	100	5	0.000122	1425338313.725234	1425338313.725104	178.1482287402307	356.2964574804615
524288	1	1000	100	5	0.000124	1425331654.8345	1425331654.834369	178.1489214895717	356.2978429791434
524288	1	1000	100	5	0.000122	1425334451.921306	1425334451.921177	177.410347452111	354.8206949042221
524288	1	1000	100	5	0.000124	1425337241.700244	1425337241.700113	179.426563626157	358.853127252314
131072	1	50000	100	5	0.000123	1425333403.099524	1425333403.099394	179.5187263686791	359.0374527373581
131072	1	50000	100	5	0.000122	1425336191.185076	1425336191.184946	179.4356995055819	358.8713990111639
131072	1	50000	100	5	0.000124	1425338986.601602	1425338986.601471	178.1082893063586	356.2165786127172
4194304	1	5000	100	5	0.000127	1425332051.103634	1425332051.103499	177.4917966848531	354.9835933697062
4194304	1	5000	100	5	0.000122	1425334849.03234	1425334849.032211	179.3811323024235	358.7622646048469
4194304	1	5000	100	5	0.00013	1425337637.891798	1425337637.89166	179.4901827133601	358.9803654267201
262144	1	500	100	5	0.000124	1425331394.645339	1425331394.645209	179.4364023040729	358.8728046081457
262144	1	500	100	5	0.000123	1425334192.981663	1425334192.981532	179.4030254545644	358.8060509091289
262144	1	500	100	5	0.000123	1425336982.55175	1425336982.551614	179.4103438761427	358.8206877522855
131072	1	10000	200	5	0.000123	1425332751.528538	1425332751.528409	182.2542780446502	364.5085560893005
131072	1	10000	200	5	0.000123	1425335542.605374	1425335542.605243	182.2185764158126	364.4371528316252
131072	1	10000	200	5	0.000123	1425338338.009947	1425338338.009816	181.5217932439938	363.0435864879875
262144	1	1000	200	5	0.000123	1425331679.872204	1425331679.872074	182.2773616689434	364.5547233378868
262144	1	1000	200	5	0.000124	1425334476.89051	1425334476.890379	183.6449688034008	367.2899376068015
262144	1	1000	200	5	0.000123	1425337265.98947	1425337265.98934	182.3678792732431	364.7357585464862
131072	1	50000	200	5	0.000123	1425333427.325082	1425333427.324951	183.7108476601217	367.4216953202434
131072	1	50000	200	5	0.000124	1425336215.42829	1425336215.42816	183.2940039365701	366.5880078731402
131072	1	50000	200	5	0.000124	1425339011.616598	1425339011.616467	182.2219889110102	364.4439778220203
2097152	1	5000	200	5	0.000129	1425332076.150867	1425332076.150731	181.1641420021862	362.3282840043723
2097152	1	5000	200	5	0.000123	1425334873.98149	1425334873.98136	183.6816305236717	367.3632610473434
2097152	1	5000	200	5	0.000124	1425337662.861586	1425337662.861455	183.6700628607692	367.3401257215385
131072	1	500	200	5	0.000123	1425331419.62336	1425331419.623231	183.632853712217	367.2657074244341
131072	1	500	200	5	0.000122	1425334217.304354	1425334217.304224	183.6846991137787	367.3693982275574
131072	1	500	200	5	0.000123	1425337006.902265	1425337006.902135	182.1963832165019	364.3927664330038
131072	1	10000	20	5	0.000122	1425332659.420185	1425332659.420056	167.3885272364667	334.7770544729335
131072	1	10000	20	5	0.000127	1425335449.570982	1425335449.570848	167.2945475450793	334.5890950901585
131072	1	10000	20	5	0.000123	1425338245.605155	1425338245.605025	167.1356083665726	334.2712167331453
2097152	1	1000	20	5	0.000536	1425331586.988044	1425331586.987498	169.5353943257512	339.0707886515025
2097152	1	1000	20	5	0.000124	1425334384.134687	1425334384.134556	168.863630856181	337.727261712362
2097152	1	1000	20	5	0.000546	1425337173.205003	1425337173.204447	167.9418033621609	335.8836067243217
262144	1	100	20	5	0.000526	1425331206.945574	1425331206.945038	167.8602702492764	335.7205404985527
262144	1	100	20	5	0.000122	1425334004.424138	1425334004.424009	169.099962131852	338.199924263704
262144	1	100	20	5	0.000557	1425336793.959968	1425336793.959401	169.1577169835937	338.3154339671873
131072	1	50000	20	5	0.000507	1425333334.826497	1425333334.82598	169.4914889467129	338.9829778934258
131072	1	50000	20	5	0.000519	1425336123.250227	1425336123.249699	167.9151297302085	335.8302594604171
131072	1	50000	20	5	0.000541	1425338918.071182	1425338918.070631	169.3687791368214	338.7375582736429
16777216	1	5000	20	5	0.000129	1425331983.309469	1425331983.309332	167.9312867838941	335.8625735677881
16777216	1	5000	20	5	0.000521	1425334781.673612	1425334781.673081	166.77106537842	333.5421307568399
16777216	1	5000	20	5	0.000134	1425337570.054793	1425337570.054651	168.1099908990693	336.2199817981387
1048576	1	500	20	5	0.000529	1425331326.614623	1425331326.614085	167.5094041597348	335.0188083194696
1048576	1	500	20	5	0.000123	1425334124.558749	1425334124.558613	169.0794192427106	338.1588384854212
1048576	1	500	20	5	0.000525	1425336913.634755	1425336913.634215	169.0913803179407	338.1827606358815
16777216	1	10000	30	5	0.000518	1425332664.08869	1425332664.088162	170.3545818534135	340.7091637068269
16777216	1	10000	30	5	0.000529	1425335454.100181	1425335454.099643	171.3099232153263	342.6198464306526
16777216	1	10000	30	5	0.000129	1425338250.159192	1425338250.159056	170.2070783583098	340.4141567166197
2097152	1	1000	30	5	0.000123	1425331591.646605	1425331591.646475	170.1939051427581	340.3878102855162
2097152	1	1000	30	5	0.000148	1425334388.658666	1425334388.658511	170.2307952859187	340.4615905718373
2097152	1	1000	30	5	0.000545	1425337177.884896	1425337177.884342	171.7684534351765	343.5369068703531
262144	1	100	30	5	0.000124	1425331211.604686	1425331211.604555	169.0720527558684	338.1441055117368
262144	1	100	30	5	0.00052	1425334008.958299	1425334008.957769	170.0422966178514	340.0845932357029
262144	1	100	30	5	0.000543	1425336798.617738	1425336798.617186	170.9962562831712	341.9925125663423
131072	1	50000	30	5	0.000512	1425333339.400935	1425333339.400413	169.5444569971751	339.0889139943502
131072	1	50000	30	5	0.000522	1425336127.803048	1425336127.802516	170.762200856261	341.524401712522
131072	1	50000	30	5	0.000508	1425338922.619735	1425338922.619217	170.7125333465824	341.4250666931648
8388608	1	5000	30	5	0.000506	1425331987.838691	1425331987.838175	170.4366191916269	340.8732383832539
